Player,Year,Starts,Wins,Podiums,Top 10s,Top 20s,Avg Place,DNFs,Win %,Podium %,Top 10 %,Top 20 %,Total $,Avg $,$ as Winner,Total Strokes
Paul McBeth,2019,14,9,10,13,13,6.79,0,64.29,71.43,92.86,92.86,48106,3436,42426,2774
Ricky Wysocki,2017,18,8,15,18,18,2.33,0,44.44,83.33,100,100,55697,3094,33490,3431
Ricky Wysocki,2016,14,8,11,13,14,2.64,0,57.14,78.57,92.86,100,44119,3151,32756,2762
Paul McBeth,2015,12,8,12,12,12,1.42,0,66.67,100,100,100,53846,4487,42146,2635
Paul McBeth,2018,18,6,12,14,18,4.56,0,33.33,66.67,77.78,100,47445,2636,25310,3465
Paul McBeth,2017,16,6,15,15,15,1.63,1,37.5,93.75,93.75,93.75,49350,3084,23600,2858
Paul McBeth,2014,11,6,9,11,11,2.36,0,54.55,81.82,100,100,28154,2559,19837,2598
Paul McBeth,2013,11,6,8,10,11,3.45,0,54.55,72.73,90.91,100,25481,2316,18696,2473
Barry Schultz,2003,9,6,7,9,9,2,0,66.67,77.78,100,100,25618,2846,22625,2066
Dave Feldberg,2010,12,5,9,12,12,3.08,0,41.67,75,100,100,23042,1920,11255,2744
Barry Schultz,2006,11,5,8,11,11,2.36,0,45.45,72.73,100,100,26293,2390,19145,2440
Ricky Wysocki,2021,18,4,11,16,18,4.17,0,22.22,61.11,88.89,100,66759,3709,26500,3459
Ricky Wysocki,2022,17,4,7,12,16,9.06,0,23.53,41.18,70.59,94.12,69316,4077,38600,3481
Simon Lizotte,2022,16,4,6,8,9,19.81,0,25,37.5,50,56.25,58967,3685,42500,3371
Dave Feldberg,2007,15,4,9,14,15,3.27,0,26.67,60,93.33,100,28845,1923,15305,3223
Eagle McMahon,2021,15,4,9,13,14,7.13,0,26.67,60,86.67,93.33,50565,3371,23000,2885
Eagle McMahon,2018,14,4,9,13,13,5.79,0,28.57,64.29,92.86,92.86,34001,2429,18493,2734
Ken Climo,2007,13,4,7,12,12,4.77,0,30.77,53.85,92.31,92.31,32860,2528,24230,2828
Dave Feldberg,2006,13,4,6,12,13,4.62,0,30.77,46.15,92.31,100,17989,1384,8345,2807
Barry Schultz,2004,11,4,7,11,11,3.18,0,36.36,63.64,100,100,19833,1803,11480,2737
Paul McBeth,2021,18,3,8,16,18,5.44,0,16.67,44.44,88.89,100,69003,3834,33000,3466
Ricky Wysocki,2018,16,3,7,15,16,4.81,0,18.75,43.75,93.75,100,30903,1931,11040,3142
Dave Feldberg,2008,13,3,10,11,12,3.15,1,23.08,76.92,84.62,92.31,27477,2114,14929,2712
Dave Feldberg,2005,13,3,8,13,13,3.62,0,23.08,61.54,100,100,23472,1806,14155,3039
Ken Climo,2006,13,3,5,13,13,4.08,0,23.08,38.46,100,100,19632,1510,9000,2864
Nate Doss,2007,12,3,9,11,12,3.25,0,25,75,91.67,100,20928,1744,9936,2637
Paul McBeth,2016,12,3,8,9,12,5.17,0,25,66.67,75,100,31397,2616,13255,2411
Ken Climo,2005,12,3,6,12,12,3.17,0,25,50,100,100,14417,1201,5100,2864
Barry Schultz,2005,11,3,9,11,11,3,0,27.27,81.82,100,100,15550,1414,6265,2611
Nate Doss,2011,11,3,8,11,11,3.27,0,27.27,72.73,100,100,22155,2014,11650,2412
Ricky Wysocki,2014,11,3,8,9,10,6.73,0,27.27,72.73,81.82,90.91,21182,1926,7992,2618
Ken Climo,2004,11,3,6,9,11,4.64,0,27.27,54.55,81.82,100,23648,2150,15000,2733
Ricky Wysocki,2013,10,3,4,9,9,5.7,0,30,40,90,90,16960,1696,7360,2252
Paul McBeth,2012,9,3,4,7,8,7.11,0,33.33,44.44,77.78,88.89,17539,1949,11040,2172
Adam Hammes,2021,19,2,3,8,14,16.47,0,10.53,15.79,42.11,73.68,33121,1743,14000,3787
Calvin Heimburg,2019,18,2,3,10,14,13.78,0,11.11,16.67,55.56,77.78,22483,1249,7000,3652
Calvin Heimburg,2022,17,2,7,11,15,9.59,0,11.76,41.18,64.71,88.24,60138,3538,14500,3553
Paul McBeth,2022,17,2,6,14,16,8.82,0,11.76,35.29,82.35,94.12,76372,4492,27500,3444
Eagle McMahon,2019,14,2,7,13,13,3.79,1,14.29,50,92.86,92.86,30324,2166,8750,2668
Cameron Todd,2003,13,2,3,9,13,8.69,0,15.38,23.08,69.23,100,10937,841,3450,2797
Nikko Locastro,2010,12,2,7,11,12,3.83,0,16.67,58.33,91.67,100,24662,2055,8450,2704
Will Schusterick,2013,12,2,6,11,12,4.92,0,16.67,50,91.67,100,20466,1706,7300,2742
Steve Rico,2003,12,2,6,11,11,3.83,1,16.67,50,91.67,91.67,11914,993,3130,2305
Avery Jenkins,2008,12,2,5,9,12,6.5,0,16.67,41.67,75,100,20262,1689,4060,2670
Ron Russell,2003,12,2,4,9,11,8.67,0,16.67,33.33,75,91.67,10983,915,3070,2731
Dave Feldberg,2009,12,2,3,10,12,5.58,0,16.67,25,83.33,100,18305,1525,3360,2665
Calvin Heimburg,2020,11,2,6,10,11,4.55,0,18.18,54.55,90.91,100,28605,2600,8600,1991
Nikko Locastro,2011,11,2,4,11,11,4.45,0,18.18,36.36,100,100,14430,1312,3475,2438
Josh Anthon,2006,11,2,4,8,11,6.45,0,18.18,36.36,72.73,100,11472,1043,3245,2474
Paul McBeth,2011,11,2,3,7,11,8.36,0,18.18,27.27,63.64,100,12313,1119,7000,2431
Paul McBeth,2020,10,2,7,10,10,3.3,0,20,70,100,100,26685,2669,8000,1824
Ken Climo,2009,10,2,3,7,10,7,0,20,30,70,100,11373,1137,4550,2311
Will Schusterick,2012,9,2,7,9,9,3.22,0,22.22,77.78,100,100,22338,2482,11550,2168
Calvin Heimburg,2023,9,2,6,8,9,4.67,0,22.22,66.67,88.89,100,28939,3215,15500,1696
Nikko Locastro,2009,9,2,4,8,8,5.56,0,22.22,44.44,88.89,88.89,24764,2752,17500,1931
Nate Doss,2008,9,2,4,9,9,3.78,0,22.22,44.44,100,100,24476,2720,13800,2069
Nate Doss,2009,9,2,4,7,9,4.89,0,22.22,44.44,77.78,100,11614,1290,3580,1999
Eagle McMahon,2020,9,2,3,7,8,7.33,0,22.22,33.33,77.78,88.89,18920,2102,8776,1613
Barry Schultz,2008,9,2,3,7,9,7,0,22.22,33.33,77.78,100,11628,1292,4500,2066
Ken Climo,2010,8,2,4,5,8,6.25,0,25,50,62.5,100,10985,1373,3090,1957
Cale Leiviska,2012,8,2,3,6,8,7.38,0,25,37.5,75,100,12203,1525,5400,1973
Steve Rico,2008,6,2,3,6,6,4.33,0,33.33,50,100,100,8690,1448,3290,1412
James Conrad,2021,19,1,2,7,12,16.79,0,5.26,10.53,36.84,63.16,35657,1877,16500,3794
Connor O'Reilly,2021,19,1,1,1,1,53.11,0,5.26,5.26,5.26,5.26,8495,447,4450,3911
Calvin Heimburg,2021,18,1,5,13,16,8.89,0,5.56,27.78,72.22,88.89,41385,2299,8250,3489
Garrett Gurthie,2019,18,1,4,7,15,14.56,0,5.56,22.22,38.89,83.33,23454,1303,5000,3657
Kevin Jones,2019,18,1,3,9,13,13.5,0,5.56,16.67,50,72.22,21173,1176,3405,3676
Gannon Buhr,2022,17,1,4,13,16,7.53,0,5.88,23.53,76.47,94.12,63337,3726,25000,3502
James Conrad,2019,17,1,3,12,15,10.53,0,5.88,17.65,70.59,88.24,32046,1885,12000,3486
James Conrad,2018,17,1,3,9,14,12.06,0,5.88,17.65,52.94,82.35,23507,1383,3570,3354
Nikko Locastro,2021,17,1,1,6,11,20.12,0,5.88,5.88,35.29,64.71,20168,1186,5000,3402
Bradley Williams,2022,17,1,1,1,7,26.18,1,5.88,5.88,5.88,41.18,18492,1088,8000,3398
Ricky Wysocki,2019,16,1,9,15,15,3.81,1,6.25,56.25,93.75,93.75,33771,2111,3460,2960
Kyle Klein,2021,16,1,3,7,11,14.06,1,6.25,18.75,43.75,68.75,41387,2587,9000,2939
Jeremy Koling,2017,16,1,1,6,16,10.69,0,6.25,6.25,37.5,100,15013,938,2810,3108
Jeremy Koling,2018,16,1,1,4,7,26.19,0,6.25,6.25,25,43.75,11749,734,3000,3317
Matt Bell,2019,16,1,1,2,5,33.5,1,6.25,6.25,12.5,31.25,9279,580,3120,3147
Chris Dickerson,2022,14,1,3,7,13,11.14,0,7.14,21.43,50,92.86,39794,2842,13000,2937
Nate Sexton,2018,14,1,2,8,12,10.21,0,7.14,14.29,57.14,85.71,20716,1480,7000,2860
James Conrad,2017,14,1,2,7,9,15.36,1,7.14,14.29,50,64.29,12558,897,2500,2569
Drew Gibson,2022,14,1,1,4,5,27.43,0,7.14,7.14,28.57,35.71,16898,1207,6000,3048
Avery Jenkins,2006,13,1,5,12,13,5.15,0,7.69,38.46,92.31,100,24213,1863,10000,2889
Markus Källström,2007,13,1,4,11,11,9.31,0,7.69,30.77,84.62,84.62,14413,1109,2700,2883
Chris Dickerson,2021,13,1,2,9,13,7.85,0,7.69,15.38,69.23,100,30564,2351,6000,2584
Mason Ford,2021,13,1,1,1,6,25.54,0,7.69,7.69,7.69,46.15,15738,1211,7500,2716
Drew Gibson,2019,13,1,1,1,6,28.62,0,7.69,7.69,7.69,46.15,9392,722,3295,2788
Nate Doss,2010,12,1,6,10,11,7.58,0,8.33,50,83.33,91.67,13971,1164,1800,2772
Ricky Wysocki,2015,12,1,6,11,12,5.33,0,8.33,50,91.67,100,25195,2100,3700,2684
Avery Jenkins,2009,12,1,5,9,12,7,0,8.33,41.67,75,100,15337,1278,5500,2716
Isaac Robinson,2022,12,1,3,5,8,17.5,0,8.33,25,41.67,66.67,27971,2331,7000,2557
Simon Lizotte,2018,12,1,2,7,7,13.33,1,8.33,16.67,58.33,58.33,15547,1296,4200,2290
Gregg Barsby,2018,12,1,2,5,10,12.17,0,8.33,16.67,41.67,83.33,20716,1726,10000,2453
Cameron Todd,2016,12,1,1,4,8,19.67,0,8.33,8.33,33.33,66.67,12720,1060,5000,2496
Cameron Todd,2004,11,1,7,11,11,3.18,0,9.09,63.64,100,100,16780,1525,2880,2683
Dave Feldberg,2011,11,1,5,9,10,7.27,0,9.09,45.45,81.82,90.91,13425,1220,4200,2428
Paul Ulibarri,2011,11,1,4,9,10,7.45,0,9.09,36.36,81.82,90.91,11256,1023,1800,2429
Dave Feldberg,2004,11,1,4,7,9,9.36,0,9.09,36.36,63.64,81.82,9301,846,1600,2791
Simon Lizotte,2015,11,1,3,7,8,12.64,0,9.09,27.27,63.64,72.73,18803,1709,6600,2540
Nate Sexton,2017,11,1,2,9,10,7.27,0,9.09,18.18,81.82,90.91,23115,2101,12000,2057
Jeremy Koling,2015,11,1,2,7,8,16.73,0,9.09,18.18,63.64,72.73,14596,1327,5000,2514
Jeremy Koling,2016,11,1,1,7,11,7.82,0,9.09,9.09,63.64,100,20958,1905,10000,2185
Kevin Jones,2020,11,1,1,4,9,14.55,0,9.09,9.09,36.36,81.82,13660,1242,4000,2070
Eric McCabe,2008,10,1,6,9,9,5.8,0,10,60,90,90,13225,1323,3500,2188
Ricky Wysocki,2020,10,1,5,7,9,10.1,0,10,50,70,90,21820,2182,6000,1842
Steve Rico,2006,10,1,4,8,10,5.8,0,10,40,80,100,13480,1348,4444,2258
Will Schusterick,2014,10,1,2,7,10,7.9,0,10,20,70,100,16009,1601,8000,2405
Nate Doss,2017,10,1,1,8,10,7.5,0,10,10,80,100,14832,1483,3000,2095
Dave Feldberg,2014,10,1,1,7,10,8.7,0,10,10,70,100,10505,1051,1850,2376
Jeremy Koling,2014,10,1,1,5,8,11.6,0,10,10,50,80,8697,870,2500,2339
Nikko Locastro,2020,10,1,1,5,9,11.6,0,10,10,50,90,14318,1432,4200,1892
Colten Montgomery,2020,10,1,1,2,4,32.6,0,10,10,20,40,8535,854,3625,1981
Avery Jenkins,2004,10,1,1,2,7,19.1,0,10,10,20,70,6203,620,3205,2524
Dave Feldberg,2012,9,1,3,8,9,6.56,0,11.11,33.33,88.89,100,12257,1362,2000,2223
Isaac Robinson,2023,9,1,3,5,5,22.33,0,11.11,33.33,55.56,55.56,26670,2963,14000,1686
Gannon Buhr,2023,9,1,3,6,6,15.11,0,11.11,33.33,66.67,66.67,24298,2700,7500,1737
Ricky Wysocki,2011,9,1,3,4,7,13.78,0,11.11,33.33,44.44,77.78,7825,869,3100,2113
Kyle Crabtree,2007,9,1,2,4,7,17.11,0,11.11,22.22,44.44,77.78,5371,597,1700,2056
Adam Hammes,2023,9,1,2,2,5,25.67,0,11.11,22.22,22.22,55.56,21705,2412,12500,1765
Eric McCabe,2010,9,1,1,6,7,11.56,0,11.11,11.11,66.67,77.78,10455,1162,5500,2035
Emerson Keith,2023,9,1,1,3,3,36.78,1,11.11,11.11,33.33,33.33,12595,1399,10500,1558
Parker Welck,2023,9,1,1,1,2,46.89,0,11.11,11.11,11.11,22.22,2578,286,0,1760
Chris Dickerson,2020,8,1,4,7,8,4.75,0,12.5,50,87.5,100,23125,2891,10000,1555
Barry Schultz,2009,8,1,4,8,8,4.75,0,12.5,50,100,100,9585,1198,2500,1668
Ricky Wysocki,2012,8,1,4,7,8,5.25,0,12.5,50,87.5,100,14543,1818,1800,1961
Steve Rico,2005,8,1,2,6,8,6.38,0,12.5,25,75,100,8087,1011,2000,2017
Ron Russell,2004,8,1,2,4,6,14.63,0,12.5,25,50,75,6165,771,2200,2020
Steve Brinster,2004,8,1,2,5,7,10.88,0,12.5,25,62.5,87.5,7045,881,2500,2021
Josh Anthon,2017,8,1,2,4,7,12.5,0,12.5,25,50,87.5,12575,1572,6500,1702
Justin Bunnell,2005,8,1,2,3,6,15.5,0,12.5,25,37.5,75,6165,771,2500,1993
Nate Doss,2005,8,1,1,8,8,5.25,0,12.5,12.5,100,100,10445,1306,5000,1993
Kyle Klein,2023,8,1,1,4,5,14.13,1,12.5,12.5,50,62.5,15009,1876,7500,1320
DeVan Owens,2011,8,1,1,3,6,13.5,0,12.5,12.5,37.5,75,4368,546,1405,1830
Phil Arthur,2005,8,1,1,1,4,21.13,0,12.5,12.5,12.5,50,3161,395,1500,2025
Ken Climo,2003,7,1,3,7,7,4.57,0,14.29,42.86,100,100,11075,1582,2500,1617
Timmy Gill,2004,7,1,3,5,6,16.43,0,14.29,42.86,71.43,85.71,6237,891,2500,1862
Cale Leiviska,2007,7,1,2,4,6,10.14,0,14.29,28.57,57.14,85.71,7600,1086,1615,1624
Simon Lizotte,2023,7,1,2,2,4,22,0,14.29,28.57,28.57,57.14,16205,2315,8000,1404
Bradley Williams,2016,7,1,1,4,6,10.43,0,14.29,14.29,57.14,85.71,7782,1112,2500,1531
Gregg Barsby,2009,7,1,1,3,7,10.86,0,14.29,14.29,42.86,100,5409,773,1689,1717
Josh Anthon,2011,6,1,3,4,6,6.83,0,16.67,50,66.67,100,9310,1552,1330,1427
Josh Anthon,2007,6,1,1,5,6,6.5,0,16.67,16.67,83.33,100,6250,1042,1595,1442
Brad Hammock,2005,6,1,1,4,5,9.67,0,16.67,16.67,66.67,83.33,5167,861,2000,1274
Steve Brinster,2013,6,1,1,5,6,8.5,0,16.67,16.67,83.33,100,11610,1935,7500,1498
Will Schusterick,2010,5,1,1,3,3,20,0,20,20,60,60,14446,2889,12000,1276
Chris Sprague,2005,5,1,1,2,4,12.6,0,20,20,40,80,4340,868,1655,1347
Eagle McMahon,2022,5,1,1,1,2,14.8,1,20,20,20,40,15355,3071,12000,973
Austin Hannum,2021,19,0,1,2,3,42.05,0,0,5.26,10.53,15.79,9729,512,0,3831
Garrett Gurthie,2021,19,0,0,3,8,24.63,0,0,0,15.79,42.11,16192,852,0,3867
Emerson Keith,2021,19,0,0,3,8,34.32,1,0,0,15.79,42.11,11166,588,0,3566
Austin Hannum,2019,19,0,0,1,11,20.42,0,0,0,5.26,57.89,12623,664,0,3969
Kevin Jones,2021,18,0,2,11,14,14.56,0,0,11.11,61.11,77.78,30873,1715,0,3568
Ezra Aderhold,2021,18,0,1,3,10,25.67,1,0,5.56,16.67,55.56,15715,873,0,3297
Brodie Smith,2022,18,0,1,2,4,38.72,0,0,5.56,11.11,22.22,11739,652,0,3955
Philo Brathwaite,2017,18,0,0,7,13,14.83,0,0,0,38.89,72.22,14539,808,0,3682
Eric Oakley,2019,18,0,0,4,7,25.44,0,0,0,22.22,38.89,11268,626,0,3848
Albert Tamm,2022,18,0,0,2,3,35.11,0,0,0,11.11,16.67,10192,566,0,3818
Raven Newsom,2021,18,0,0,2,3,31.89,0,0,0,11.11,16.67,10279,571,0,3657
Jeremy Koling,2022,18,0,0,2,3,35.44,0,0,0,11.11,16.67,10672,593,0,3817
Austin Hannum,2022,18,0,0,2,3,46.94,1,0,0,11.11,16.67,7009,389,0,3532
Paul Ulibarri,2021,18,0,0,2,9,28.06,0,0,0,11.11,50,11850,658,0,3682
Ezra Aderhold,2022,18,0,0,2,9,27.39,0,0,0,11.11,50,16117,895,0,3890
Brian Earhart,2021,18,0,0,1,1,56.11,3,0,0,5.56,5.56,2630,146,0,3044
Luke Humphries,2021,18,0,0,1,2,47.22,0,0,0,5.56,11.11,6499,361,0,3682
Simon Lizotte,2019,17,0,4,14,15,8.59,1,0,23.53,82.35,88.24,22559,1327,0,3220
Aaron Gossage,2022,17,0,3,4,6,34.29,0,0,17.65,23.53,35.29,26000,1529,0,3623
Kevin Jones,2022,17,0,3,4,8,19.35,0,0,17.65,23.53,47.06,26246,1544,0,3653
Kevin Jones,2018,17,0,2,10,12,12.94,0,0,11.76,58.82,70.59,19127,1125,0,3369
Corey Ellis,2022,17,0,2,4,9,29.94,0,0,11.76,23.53,52.94,28342,1667,0,3526
Chris Clemons,2022,17,0,2,4,9,22.82,0,0,11.76,23.53,52.94,25194,1482,0,3573
Kyle Klein,2022,17,0,2,7,11,14.76,0,0,11.76,41.18,64.71,27259,1603,0,3569
Joel Freeman,2019,17,0,2,6,9,19.35,0,0,11.76,35.29,52.94,12843,755,0,3543
Paul Ulibarri,2017,17,0,1,9,11,16.82,0,0,5.88,52.94,64.71,15036,884,0,3418
Drew Gibson,2018,17,0,1,6,11,17.29,0,0,5.88,35.29,64.71,14306,842,0,3412
Chris Clemons,2019,17,0,1,3,8,20.29,0,0,5.88,17.65,47.06,14367,845,0,3523
Luke Humphries,2022,17,0,1,2,3,41.35,1,0,5.88,11.76,17.65,9690,570,0,3418
Tristan Tanner,2022,17,0,1,2,2,49.59,1,0,5.88,11.76,11.76,11454,674,0,3323
Eric Oakley,2018,17,0,1,2,8,31.53,0,0,5.88,11.76,47.06,8209,483,0,3509
Colten Montgomery,2018,17,0,1,2,4,39.82,0,0,5.88,11.76,23.53,6303,371,0,3560
Adam Hammes,2022,17,0,0,6,6,34.06,0,0,0,35.29,35.29,14805,871,0,3590
James Conrad,2022,17,0,0,4,12,17.41,0,0,0,23.53,70.59,20153,1185,0,3659
Austin Hannum,2018,17,0,0,2,6,26.29,0,0,0,11.76,35.29,9694,570,0,3482
Benjamin Callaway,2021,17,0,0,6,6,33.47,0,0,0,35.29,35.29,12550,738,0,3476
Matt Bell,2021,17,0,0,3,5,21.71,2,0,0,17.65,29.41,12422,731,0,3014
Chandler Kramer,2022,17,0,0,1,3,52.71,0,0,0,5.88,17.65,9029,531,0,3624
Chandler Fry,2022,17,0,0,1,3,51.59,0,0,0,5.88,17.65,7450,438,0,3590
Gavin Babcock,2022,17,0,0,1,4,49.65,0,0,0,5.88,23.53,10543,620,0,3524
Thomas Gilbert,2021,17,0,0,2,8,30.12,0,0,0,11.76,47.06,10897,641,0,3461
Alden Harris,2022,17,0,0,2,6,27,0,0,0,11.76,35.29,14201,835,0,3537
Chris Clemons,2021,17,0,0,2,5,24.29,0,0,0,11.76,29.41,12268,722,0,3447
Alex Russell,2021,17,0,0,2,3,37.82,0,0,0,11.76,17.65,7055,415,0,3469
Nathan Queen,2019,17,0,0,2,3,31.59,0,0,0,11.76,17.65,8619,507,0,3608
Luke Samson,2022,17,0,0,1,1,49.12,0,0,0,5.88,5.88,5877,346,0,3696
Nate Perkins,2019,17,0,0,1,7,28.35,0,0,0,5.88,41.18,9034,531,0,3651
Nathan Queen,2021,17,0,0,1,5,34.47,0,0,0,5.88,29.41,8801,518,0,3525
Alden Harris,2021,17,0,0,1,5,30.53,1,0,0,5.88,29.41,9182,540,0,3327
Brian Earhart,2019,17,0,0,1,4,38.18,0,0,0,5.88,23.53,6666,392,0,3626
Eric Oakley,2017,17,0,0,1,4,33.65,0,0,0,5.88,23.53,5475,322,0,3518
A.J. Risley,2017,17,0,0,1,7,29,0,0,0,5.88,41.18,6310,371,0,3505
Philo Brathwaite,2019,17,0,0,1,6,28.53,0,0,0,5.88,35.29,9106,536,0,3663
Paul Ulibarri,2018,16,0,2,6,13,14.88,0,0,12.5,37.5,81.25,18293,1143,0,3270
Garrett Gurthie,2018,16,0,2,6,7,21.56,0,0,12.5,37.5,43.75,14030,877,0,3230
Adam Hammes,2019,16,0,1,6,10,21.75,0,0,6.25,37.5,62.5,12626,789,0,3337
Joel Freeman,2021,16,0,1,5,9,19.81,0,0,6.25,31.25,56.25,17597,1100,0,3226
Alex Russell,2019,16,0,1,3,9,20.13,0,0,6.25,18.75,56.25,11513,720,0,3265
Garrett Gurthie,2022,16,0,1,1,5,32.19,0,0,6.25,6.25,31.25,14867,929,0,3359
Austin Turner,2017,16,0,0,7,9,20.94,0,0,0,43.75,56.25,11190,699,0,3188
Grady Shue,2018,16,0,0,6,9,28.19,0,0,0,37.5,56.25,10474,655,0,3308
Thomas Gilbert,2022,16,0,0,3,5,37.94,1,0,0,18.75,31.25,7548,472,0,3355
Casey White,2021,16,0,0,2,5,33.25,0,0,0,12.5,31.25,9924,620,0,3361
Linus Carlsson,2022,16,0,0,2,4,35.31,0,0,0,12.5,25,10188,637,0,3490
Gregg Barsby,2021,16,0,0,2,5,32.06,0,0,0,12.5,31.25,13487,843,0,3247
Reid Frescura,2019,16,0,0,1,3,33.75,0,0,0,6.25,18.75,7021,439,0,3370
Jordan Castro,2019,16,0,0,1,2,37.81,0,0,0,6.25,12.5,5533,346,0,3391
Drew Gibson,2017,16,0,0,3,9,21.13,0,0,0,18.75,56.25,8736,546,0,3198
A.J. Risley,2018,16,0,0,3,5,34.31,0,0,0,18.75,31.25,8083,505,0,3362
Luke Humphries,2019,16,0,0,1,2,39.56,0,0,0,6.25,12.5,5003,313,0,3543
Mason Ford,2022,16,0,0,1,8,27,0,0,0,6.25,50,12368,773,0,3380
Aaron Gossage,2021,16,0,0,1,3,46.81,0,0,0,6.25,18.75,6691,418,0,3224
Joel Freeman,2022,15,0,2,8,11,14,0,0,13.33,53.33,73.33,24813,1654,0,3182
Gregg Barsby,2017,15,0,1,7,9,17.6,0,0,6.67,46.67,60,14084,939,0,3092
Nate Perkins,2018,15,0,1,3,6,30.53,0,0,6.67,20,40,9473,632,0,3052
Emerson Keith,2022,15,0,1,3,4,31.27,1,0,6.67,20,26.67,12241,816,0,2943
Nate Perkins,2017,15,0,0,2,7,27.07,0,0,0,13.33,46.67,5820,388,0,2970
Philo Brathwaite,2018,15,0,0,2,10,21.87,0,0,0,13.33,66.67,10641,709,0,3155
Terry Rothlisberger,2021,15,0,0,1,5,45.27,0,0,0,6.67,33.33,7481,499,0,3018
Andrew Presnell,2019,15,0,0,1,8,20.93,0,0,0,6.67,53.33,9825,655,0,3106
Andrew Presnell,2022,15,0,0,1,4,29.27,0,0,0,6.67,26.67,10773,718,0,3296
Jeremy Koling,2021,15,0,0,1,8,25.53,0,0,0,6.67,53.33,10632,709,0,3019
Andrew Marwede,2022,15,0,0,1,5,31,0,0,0,6.67,33.33,11825,788,0,3212
Benjamin Callaway,2022,15,0,0,1,3,38.8,0,0,0,6.67,20,8822,588,0,3160
Drew Gibson,2021,14,0,1,7,8,22,0,0,7.14,50,57.14,19760,1411,0,2793
Nikko Locastro,2017,14,0,1,2,6,22.86,0,0,7.14,14.29,42.86,7918,566,0,2838
Bradley Williams,2021,14,0,1,4,8,30.43,0,0,7.14,28.57,57.14,12467,891,0,2751
Andrew Presnell,2021,14,0,1,2,4,31.43,0,0,7.14,14.29,28.57,10322,737,0,2902
Gregg Barsby,2022,14,0,1,2,4,29.43,1,0,7.14,14.29,28.57,11680,834,0,2807
DeVan Owens,2017,14,0,0,5,9,24.14,0,0,0,35.71,64.29,10091,721,0,2833
Andrew Marwede,2019,14,0,0,2,4,27.93,0,0,0,14.29,28.57,8333,595,0,2997
A.J. Risley,2019,14,0,0,1,5,28.93,1,0,0,7.14,35.71,6250,446,0,2724
Zach Melton,2017,14,0,0,4,9,22.71,0,0,0,28.57,64.29,8298,593,0,2891
Peter McBride,2017,14,0,0,2,8,25.36,0,0,0,14.29,57.14,7137,510,0,2959
Cole Redalen,2022,14,0,0,1,2,46.86,0,0,0,7.14,14.29,5848,418,0,3036
Matt Bell,2022,14,0,0,1,4,40.29,1,0,0,7.14,28.57,6591,471,0,2726
Zackeriath Johnson,2021,14,0,0,1,5,32.64,0,0,0,7.14,35.71,8635,617,0,2953
Simon Lizotte,2017,13,0,9,10,12,6.92,0,0,69.23,76.92,92.31,21027,1617,0,2508
Eagle McMahon,2017,13,0,4,7,10,13.69,0,0,30.77,53.85,76.92,13906,1070,0,2596
Nikko Locastro,2016,13,0,4,7,11,11.23,0,0,30.77,53.85,84.62,17924,1379,0,2648
Paul Ulibarri,2016,13,0,3,8,11,10.08,1,0,23.08,61.54,84.62,13401,1031,0,2344
Brian Schweberger,2004,13,0,2,9,11,10,0,0,15.38,69.23,84.62,8880,683,0,3155
Brian Schweberger,2005,13,0,1,10,13,7.92,0,0,7.69,76.92,100,7929,610,0,3014
Jay Yeti Reading,2005,13,0,1,6,9,16.23,0,0,7.69,46.15,69.23,4605,354,0,3061
Jeremy Koling,2019,13,0,1,5,6,20.31,0,0,7.69,38.46,46.15,14927,1148,0,2741
Joel Freeman,2018,13,0,1,3,5,27.46,0,0,7.69,23.08,38.46,9160,705,0,2728
Philo Brathwaite,2016,13,0,1,4,7,15.92,0,0,7.69,30.77,53.85,10725,825,0,2680
Anthony Barela,2022,13,0,0,3,6,18.46,1,0,0,23.08,46.15,17228,1325,0,2633
Drew Gibson,2016,13,0,0,5,7,19.31,0,0,0,38.46,53.85,8450,650,0,2731
Jay Yeti Reading,2006,13,0,0,4,8,20.38,0,0,0,30.77,61.54,4245,327,0,2962
Zach Melton,2019,13,0,0,1,2,38.15,0,0,0,7.69,15.38,5426,417,0,2843
Randon Latta,2022,13,0,0,1,2,53.92,0,0,0,7.69,15.38,5602,431,0,2873
Austin Turner,2018,13,0,0,1,2,35.85,1,0,0,7.69,15.38,4651,358,0,2532
Dustin Keegan,2017,13,0,0,1,7,30,0,0,0,7.69,53.85,5844,450,0,2777
Alex Russell,2022,13,0,0,1,2,53.54,0,0,0,7.69,15.38,4113,316,0,2765
Thomas Gilbert,2019,13,0,0,1,4,40.08,0,0,0,7.69,30.77,4508,347,0,2742
Nikko Locastro,2013,12,0,5,10,11,6.83,0,0,41.67,83.33,91.67,15521,1293,0,2791
Dave Feldberg,2013,12,0,4,10,12,5.83,0,0,33.33,83.33,100,17444,1454,0,2748
Nate Doss,2015,12,0,4,8,11,8.92,0,0,33.33,66.67,91.67,18494,1541,0,2758
Nate Sexton,2016,12,0,4,8,10,9.83,0,0,33.33,66.67,83.33,15585,1299,0,2460
Seppo Paju,2019,12,0,3,4,5,18.42,1,0,25,33.33,41.67,10912,909,0,2283
Avery Jenkins,2007,12,0,2,10,12,7.33,0,0,16.67,83.33,100,13060,1088,0,2671
Matt Orum,2022,12,0,2,8,10,8.33,1,0,16.67,66.67,83.33,32632,2719,0,2292
Nate Doss,2016,12,0,2,10,11,8.33,0,0,16.67,83.33,91.67,15535,1295,0,2442
Brian Schweberger,2003,12,0,2,5,8,12.33,1,0,16.67,41.67,66.67,5120,427,0,2275
Chris Sprague,2006,12,0,2,6,8,21.33,0,0,16.67,50,66.67,5547,462,0,2790
Peter Middlecamp,2005,12,0,2,5,9,22.92,0,0,16.67,41.67,75,4384,365,0,2929
DeVan Owens,2013,12,0,2,5,10,15,0,0,16.67,41.67,83.33,8659,722,0,2824
Brian McRee,2003,12,0,2,4,9,17.58,0,0,16.67,33.33,75,5010,418,0,2681
Andrew Marwede,2021,12,0,1,5,5,33.5,0,0,8.33,41.67,41.67,15223,1269,0,2449
Dave Feldberg,2015,12,0,1,9,11,9,0,0,8.33,75,91.67,15004,1250,0,2731
Dave Feldberg,2003,12,0,1,5,10,13.75,0,0,8.33,41.67,83.33,4790,399,0,2590
Kevin McCoy,2003,12,0,1,4,9,15,0,0,8.33,33.33,75,5093,424,0,2651
Zach Melton,2018,12,0,1,4,6,21.42,0,0,8.33,33.33,50,9035,753,0,2476
Gavin Rathbun,2021,12,0,1,3,4,31.25,0,0,8.33,25,33.33,9911,826,0,2372
Anthony Barela,2021,12,0,1,2,2,33.92,0,0,8.33,16.67,16.67,8947,746,0,2488
Avery Jenkins,2003,12,0,1,1,6,23.58,0,0,8.33,8.33,50,2225,185,0,2652
Seppo Paju,2018,12,0,0,6,11,12.25,0,0,0,50,91.67,11344,945,0,2500
Avery Jenkins,2010,12,0,0,5,7,16,0,0,0,41.67,58.33,6255,521,0,2778
Anthony Barela,2019,12,0,0,3,5,28.17,0,0,0,25,41.67,7348,612,0,2493
Noah Meintsma,2018,12,0,0,2,4,29.25,0,0,0,16.67,33.33,6873,573,0,2553
DeVan Owens,2018,12,0,0,2,4,25.83,0,0,0,16.67,33.33,7230,603,0,2582
G.T. Hancock,2022,12,0,0,1,2,56.08,0,0,0,8.33,16.67,3596,300,0,2551
Peter McBride,2018,12,0,0,1,3,32,0,0,0,8.33,25,5128,427,0,2484
Nate Doss,2014,11,0,3,8,10,8.36,0,0,27.27,72.73,90.91,14042,1277,0,2660
Steve Brinster,2006,11,0,3,6,10,11,0,0,27.27,54.55,90.91,8377,762,0,2569
Nate Doss,2006,11,0,2,8,11,8.18,0,0,18.18,72.73,100,11671,1061,0,2537
Aleksey Bubis,2005,11,0,2,6,7,13.55,0,0,18.18,54.55,63.64,6296,572,0,2630
Paul Ulibarri,2010,11,0,1,8,11,8.09,0,0,9.09,72.73,100,9555,869,0,2464
Paul Ulibarri,2014,11,0,1,8,11,7.91,0,0,9.09,72.73,100,10704,973,0,2585
Matt Orum,2021,11,0,1,7,9,11.18,0,0,9.09,63.64,81.82,18176,1652,0,2218
Steve Brinster,2003,11,0,1,5,10,12.73,0,0,9.09,45.45,90.91,4906,446,0,2378
Avery Jenkins,2011,11,0,1,6,11,11.18,0,0,9.09,54.55,100,7285,662,0,2453
Paul Ulibarri,2009,11,0,1,5,9,12.64,0,0,9.09,45.45,81.82,7371,670,0,2471
Väinö Mäkelä,2022,11,0,1,3,5,25.55,0,0,9.09,27.27,45.45,12576,1143,0,2365
Jason Hebenheimer,2022,11,0,1,2,4,31.18,0,0,9.09,18.18,36.36,8552,777,0,2386
Gregg Barsby,2016,11,0,1,2,7,27.36,1,0,9.09,18.18,63.64,6380,580,0,2156
Zackeriath Johnson,2019,11,0,1,1,4,30,0,0,9.09,9.09,36.36,6665,606,0,2351
DeVan Owens,2016,11,0,0,6,7,17.82,0,0,0,54.55,63.64,9348,850,0,2296
Nate Sexton,2015,11,0,0,5,8,14.09,0,0,0,45.45,72.73,9940,904,0,2523
Jay Yeti Reading,2008,11,0,0,4,7,16,0,0,0,36.36,63.64,5747,522,0,2505
Paul Ulibarri,2015,11,0,0,4,8,17.82,0,0,0,36.36,72.73,9070,825,0,2546
Paul Ulibarri,2020,11,0,0,4,7,17,0,0,0,36.36,63.64,10423,948,0,2098
Jay Yeti Reading,2007,11,0,0,3,9,17.73,0,0,0,27.27,81.82,4730,430,0,2469
Gannon Buhr,2021,11,0,0,2,5,21.55,0,0,0,18.18,45.45,11102,1009,0,2273
Sonny Ashby,2003,11,0,0,1,4,23.45,0,0,0,9.09,36.36,1673,152,0,2423
Gregg Barsby,2019,11,0,0,1,6,32.82,0,0,0,9.09,54.55,6276,571,0,2327
Jeremy Koling,2020,11,0,0,4,4,27.18,0,0,0,36.36,36.36,6617,602,0,2133
Drew Gibson,2015,11,0,0,3,5,27.36,0,0,0,27.27,45.45,6390,581,0,2597
Will Schusterick,2016,11,0,0,2,6,23.45,0,0,0,18.18,54.55,6796,618,0,2307
Austin Hannum,2020,11,0,0,2,7,19.73,0,0,0,18.18,63.64,8200,745,0,2117
Michael Johansen,2019,11,0,0,2,5,24.18,0,0,0,18.18,45.45,7034,639,0,2313
Zackeriath Johnson,2017,11,0,0,1,5,46.09,0,0,0,9.09,45.45,4499,409,0,2223
Eric Oakley,2020,11,0,0,1,6,25.09,0,0,0,9.09,54.55,7551,686,0,2139
Matt Orum,2019,11,0,0,1,6,15.36,1,0,0,9.09,54.55,7247,659,0,1988
Brian McRee,2004,11,0,0,1,6,20,0,0,0,9.09,54.55,3327,302,0,2709
Ezra Aderhold,2020,11,0,0,1,5,31.82,0,0,0,9.09,45.45,5798,527,0,2161
Terry Rothlisberger,2020,11,0,0,1,2,42.27,0,0,0,9.09,18.18,4125,375,0,2219
Dustin Keegan,2018,11,0,0,1,2,37.82,0,0,0,9.09,18.18,4189,381,0,2357
Will Schusterick,2015,10,0,4,8,10,6,0,0,40,80,100,19165,1917,0,2277
Nikko Locastro,2015,10,0,2,8,10,7.7,0,0,20,80,100,15472,1547,0,2300
Kevin McCoy,2005,10,0,2,6,9,9.6,0,0,20,60,90,6975,698,0,2407
Nikko Locastro,2019,10,0,2,4,6,19.7,0,0,20,40,60,14762,1476,0,2095
Josh Anthon,2018,10,0,2,4,6,17.2,1,0,20,40,60,14415,1442,0,1914
Nikko Locastro,2018,10,0,2,3,6,16.6,0,0,20,30,60,9723,972,0,2084
Will Schusterick,2011,10,0,1,6,8,10.6,0,0,10,60,80,11317,1132,0,2302
Eagle McMahon,2016,10,0,1,8,9,8.8,0,0,10,80,90,11987,1199,0,1966
Avery Jenkins,2005,10,0,1,5,9,11.3,0,0,10,50,90,4669,467,0,2431
Garrett Gurthie,2020,10,0,1,4,6,15.5,0,0,10,40,60,12007,1201,0,1893
Matt Orum,2007,10,0,1,4,7,23.3,0,0,10,40,70,4759,476,0,2280
Niklas Anttila,2022,10,0,1,3,7,27.6,0,0,10,30,70,24898,2490,0,2225
JohnE McCray,2018,10,0,1,3,8,19.2,0,0,10,30,80,8343,834,0,1943
Emerson Keith,2020,10,0,1,2,7,19.4,0,0,10,20,70,9457,946,0,1922
Emerson Keith,2019,10,0,1,3,6,17.2,0,0,10,30,60,11701,1170,0,2142
Drew Gibson,2014,10,0,1,2,6,21.7,0,0,10,20,60,5193,519,0,2386
Geoff Bennett,2010,10,0,1,2,5,23.3,0,0,10,20,50,3876,388,0,2205
DeVan Owens,2015,10,0,1,2,4,23.7,0,0,10,20,40,6937,694,0,2396
Bamba Rico,2003,10,0,1,2,5,26.1,0,0,10,20,50,1933,193,0,2306
James Conrad,2020,10,0,0,4,5,23.5,0,0,0,40,50,8905,891,0,1938
Nate Sexton,2019,10,0,0,6,8,12.6,0,0,0,60,80,10896,1090,0,2250
Steve Rico,2015,10,0,0,5,9,14.9,0,0,0,50,90,9467,947,0,2359
Philo Brathwaite,2020,10,0,0,3,7,20.4,0,0,0,30,70,7507,751,0,1863
Trevor Harbolt,2019,10,0,0,1,3,41.3,0,0,0,10,30,4542,454,0,2081
Noah Meintsma,2020,10,0,0,1,4,25.3,0,0,0,10,40,7172,717,0,1942
Gavin Rathbun,2022,10,0,0,1,4,31.9,1,0,0,10,40,7357,736,0,1903
Jeremy Koling,2013,10,0,0,5,7,14.6,0,0,0,50,70,6318,632,0,2376
Peter Middlecamp,2004,10,0,0,4,8,15.1,0,0,0,40,80,3880,388,0,2512
Nate Sexton,2022,10,0,0,3,5,21.7,0,0,0,30,50,10817,1082,0,2246
Todd Branch,2003,10,0,0,3,7,15.7,0,0,0,30,70,3161,316,0,2207
Jay Yeti Reading,2009,10,0,0,2,7,18.6,0,0,0,20,70,4436,444,0,2262
Peter Wyngaard,2004,10,0,0,2,6,28.2,0,0,0,20,60,1881,188,0,2475
Dustin Keegan,2016,10,0,0,2,6,21.1,0,0,0,20,60,6179,618,0,2165
42493,2015,10,0,0,2,6,22.9,0,0,0,20,60,5500,550,0,2368
Anthony Barela,2018,10,0,0,2,4,34.3,0,0,0,20,40,4849,485,0,2158
Scott Withers,2022,10,0,0,1,1,46.8,0,0,0,10,10,3689,369,0,2232
Ezra Robinson,2021,10,0,0,1,2,37.1,0,0,0,10,20,5895,590,0,2089
AJ Carey,2020,10,0,0,1,1,43.4,0,0,0,10,10,3273,327,0,1989
Andrew Presnell,2017,10,0,0,1,2,28.4,1,0,0,10,20,4408,441,0,1889
Nikko Locastro,2022,10,0,0,1,5,20.9,1,0,0,10,50,7085,709,0,1666
Patrick Blazek,2009,10,0,0,1,6,28.7,0,0,0,10,60,2995,300,0,2321
9253,2003,10,0,0,1,5,23.9,1,0,0,10,50,1267,127,0,1960
Cole Redalen,2021,10,0,0,1,1,47,0,0,0,10,10,5333,533,0,2118
Thomas Gilbert,2020,10,0,0,1,4,31.2,0,0,0,10,40,5443,544,0,1990
Nate Doss,2013,9,0,3,7,9,6.89,0,0,33.33,77.78,100,11524,1280,0,2153
Cale Leiviska,2009,9,0,2,6,8,9.44,0,0,22.22,66.67,88.89,9053,1006,0,2192
JohnE McCray,2014,9,0,2,7,7,7.56,1,0,22.22,77.78,77.78,10437,1160,0,1844
Simon Lizotte,2014,9,0,2,6,9,7.89,0,0,22.22,66.67,100,8903,989,0,2165
Bradley Williams,2010,9,0,2,3,6,13.67,1,0,22.22,33.33,66.67,5569,619,0,1859
Aaron Gossage,2023,9,0,2,2,5,22.67,0,0,22.22,22.22,55.56,14873,1653,0,1760
Cole Redalen,2023,9,0,2,2,4,24.89,0,0,22.22,22.22,44.44,10165,1129,0,1771
Steve Brinster,2005,9,0,2,2,8,12.67,0,0,22.22,22.22,88.89,5295,588,0,2207
Nate Doss,2012,9,0,1,7,9,7.44,0,0,11.11,77.78,100,10608,1179,0,2177
Garrett Gurthie,2013,9,0,1,7,8,11,0,0,11.11,77.78,88.89,8187,910,0,2102
Gregg Barsby,2007,9,0,1,3,6,14.78,0,0,11.11,33.33,66.67,5225,581,0,2089
Kevin McCoy,2004,9,0,1,4,7,14.44,0,0,11.11,44.44,77.78,5225,581,0,2300
Bradley Williams,2011,9,0,1,4,9,10.44,0,0,11.11,44.44,100,5356,595,0,2038
Corey Ellis,2023,9,0,1,4,4,28.67,0,0,11.11,44.44,44.44,10908,1212,0,1776
Nate Sexton,2021,9,0,1,2,6,19.78,0,0,11.11,22.22,66.67,16662,1851,0,1939
Alden Harris,2023,9,0,1,2,4,21.89,0,0,11.11,22.22,44.44,8483,943,0,1761
Corey Ellis,2021,9,0,1,3,3,33.89,0,0,11.11,33.33,33.33,9081,1009,0,1948
Philo Brathwaite,2013,9,0,1,3,5,16.78,0,0,11.11,33.33,55.56,6244,694,0,2124
Josh Anthon,2019,9,0,1,2,5,14.67,2,0,11.11,22.22,55.56,6402,711,0,1432
Paul Ulibarri,2012,9,0,0,4,9,10.44,0,0,0,44.44,100,8430,937,0,2209
Paul Ulibarri,2013,9,0,0,4,7,12.33,0,0,0,44.44,77.78,7050,783,0,2095
Kyle Klein,2020,9,0,0,3,5,18.33,0,0,0,33.33,55.56,8587,954,0,1794
Paul McBeth,2008,9,0,0,5,8,12,0,0,0,55.56,88.89,5597,622,0,2086
Eric McCabe,2011,9,0,0,5,8,12.67,0,0,0,55.56,88.89,5907,656,0,2058
Shawn Sinclair,2003,9,0,0,3,6,18.33,0,0,0,33.33,66.67,2174,242,0,2012
Eric McCabe,2012,9,0,0,3,7,13.67,0,0,0,33.33,77.78,6742,749,0,2242
Avery Jenkins,2012,9,0,0,3,6,17.78,0,0,0,33.33,66.67,6000,667,0,2264
Geoff Bennett,2007,9,0,0,3,6,16.22,0,0,0,33.33,66.67,4171,463,0,2015
Eric McCabe,2009,9,0,0,2,3,20.56,0,0,0,22.22,33.33,4023,447,0,2106
Austin Turner,2023,9,0,0,2,3,40.89,0,0,0,22.22,33.33,5643,627,0,1684
Bradley Williams,2023,9,0,0,2,2,24.78,1,0,0,22.22,22.22,5315,591,0,1613
Garrett Gurthie,2011,9,0,0,1,7,16.78,0,0,0,11.11,77.78,3582,398,0,2037
Matt Dollar,2016,9,0,0,1,3,35.44,0,0,0,11.11,33.33,3602,400,0,1880
Bradley Williams,2018,9,0,0,2,4,24.89,0,0,0,22.22,44.44,4770,530,0,1791
Chris Clemons,2020,9,0,0,2,4,23.67,0,0,0,22.22,44.44,7146,794,0,1753
Zach Melton,2016,9,0,0,2,6,19.11,0,0,0,22.22,66.67,6580,731,0,1902
Jason Hebenheimer,2023,9,0,0,1,3,51.89,0,0,0,11.11,33.33,3108,345,0,1848
Philo Brathwaite,2015,9,0,0,1,2,27.44,0,0,0,11.11,22.22,4968,552,0,2252
Will Schusterick,2008,9,0,0,1,4,26.89,0,0,0,11.11,44.44,2801,311,0,2158
Will Schusterick,2018,9,0,0,1,3,40,0,0,0,11.11,33.33,4136,460,0,1997
Gavin Rathbun,2023,9,0,0,1,2,48,0,0,0,11.11,22.22,3005,334,0,1769
Brody Miller,2015,9,0,0,1,3,35,1,0,0,11.11,33.33,3052,339,0,2005
David Wiggins Jr,2014,9,0,0,1,6,19.11,0,0,0,11.11,66.67,5116,568,0,2172
Matt Bell,2018,9,0,0,1,1,45.67,1,0,0,11.11,11.11,3393,377,0,1832
Chris Clemons,2023,9,0,0,1,2,40.78,0,0,0,11.11,22.22,5084,565,0,1686
Tim Barham,2017,9,0,0,1,4,29.89,0,0,0,11.11,44.44,4008,445,0,1897
Paul Oman,2021,9,0,0,1,1,58.56,0,0,0,11.11,11.11,3313,368,0,1837
Cale Leiviska,2016,8,0,3,5,6,11.63,0,0,37.5,62.5,75,11203,1400,0,1544
Chris Dickerson,2019,8,0,2,6,7,9.25,0,0,25,75,87.5,12743,1593,0,1741
Steve Brinster,2007,8,0,2,7,7,7.38,0,0,25,87.5,87.5,8825,1103,0,1821
Geoff Bennett,2008,8,0,2,6,6,16,0,0,25,75,75,6490,811,0,1895
Michael Johansen,2017,8,0,2,4,6,12.75,0,0,25,50,75,8638,1080,0,1717
Cale Leiviska,2008,8,0,2,4,8,9.75,0,0,25,50,100,6692,837,0,1860
Paul McBeth,2009,8,0,2,4,5,14.88,0,0,25,50,62.5,4940,618,0,1876
Eagle McMahon,2023,8,0,2,3,5,16.38,1,0,25,37.5,62.5,14938,1867,0,1325
Ken Climo,2008,8,0,1,8,8,6.75,0,0,12.5,100,100,8953,1119,0,1896
Chris Dickerson,2017,8,0,1,6,7,8.5,0,0,12.5,75,87.5,9600,1200,0,1605
Gregg Barsby,2015,8,0,1,3,4,12.25,2,0,12.5,37.5,50,8294,1037,0,1347
James Proctor,2023,8,0,1,5,7,11.38,0,0,12.5,62.5,87.5,13732,1717,0,1553
George Smith,2005,8,0,1,4,5,16.88,0,0,12.5,50,62.5,3873,484,0,1979
Kevin Jones,2023,8,0,1,2,3,29.5,0,0,12.5,25,37.5,7599,950,0,1535
Cameron Colglazier,2013,8,0,1,2,7,15.13,0,0,12.5,25,87.5,5564,696,0,1910
Matt Orum,2006,8,0,1,4,7,9.5,1,0,12.5,50,87.5,4818,602,0,1619
Simon Lizotte,2020,8,0,1,4,4,25.13,0,0,12.5,50,50,7369,921,0,1523
Chris Dickerson,2018,8,0,1,4,7,11.38,0,0,12.5,50,87.5,10916,1365,0,1651
Albert Tamm,2019,8,0,1,3,4,19,0,0,12.5,37.5,50,7827,978,0,1812
Anthony Barela,2023,8,0,1,3,6,18.13,0,0,12.5,37.5,75,13259,1657,0,1580
Ezra Aderhold,2023,8,0,1,3,6,23.88,0,0,12.5,37.5,75,10287,1286,0,1519
Dave Feldberg,2017,8,0,1,2,4,23.63,0,0,12.5,25,50,6290,786,0,1845
Benjamin Callaway,2023,8,0,1,2,2,24.63,1,0,12.5,25,25,6323,790,0,1410
Robert Burridge,2022,8,0,1,1,1,61.38,0,0,12.5,12.5,12.5,8442,1055,0,1718
Adam Hammes,2020,8,0,0,4,5,16.63,0,0,0,50,62.5,7880,985,0,1504
Drew Gibson,2020,8,0,0,4,5,18.13,0,0,0,50,62.5,8655,1082,0,1510
Gregg Barsby,2011,8,0,0,5,8,9.25,0,0,0,62.5,100,5340,668,0,1797
James Conrad,2016,8,0,0,4,6,14.63,0,0,0,50,75,7143,893,0,1742
JohnE McCray,2019,8,0,0,4,4,22.25,1,0,0,50,50,5744,718,0,1569
Jeremy Koling,2012,8,0,0,3,7,13.25,0,0,0,37.5,87.5,5811,726,0,1992
James Conrad,2023,8,0,0,2,5,29.25,0,0,0,25,62.5,8500,1063,0,1590
Carlo Pelg,2003,8,0,0,1,8,13.13,0,0,0,12.5,100,2880,360,0,1802
Phil Arthur,2006,8,0,0,1,6,14.88,0,0,0,12.5,75,3798,475,0,1847
Andrew Presnell,2023,8,0,0,1,3,27.5,0,0,0,12.5,37.5,5122,640,0,1596
Max Nichols,2013,8,0,0,1,1,28.63,0,0,0,12.5,12.5,2968,371,0,1943
Jared Roan,2014,8,0,0,1,2,31.13,0,0,0,12.5,25,3310,414,0,1959
DeVan Owens,2012,8,0,0,4,8,12.63,0,0,0,50,100,6497,812,0,2002
Väinö Mäkelä,2019,8,0,0,3,5,23.13,0,0,0,37.5,62.5,6053,757,0,1745
Väinö Mäkelä,2023,8,0,0,3,5,27.25,0,0,0,37.5,62.5,8095,1012,0,1473
Philo Brathwaite,2014,8,0,0,3,4,22.38,0,0,0,37.5,50,3424,428,0,1975
Emerson Keith,2018,8,0,0,3,6,16,0,0,0,37.5,75,6546,818,0,1643
Chris Vilmorin,2004,8,0,0,2,5,22.63,0,0,0,25,62.5,2713,339,0,2142
Jeff Layland,2009,8,0,0,2,4,25.5,0,0,0,25,50,2706,338,0,1978
Jay Yeti Reading,2004,8,0,0,1,2,41.25,0,0,0,12.5,25,470,59,0,2112
Bobby Musick,2018,8,0,0,1,3,26.25,0,0,0,12.5,37.5,5531,691,0,1670
Bard Soleng,2007,8,0,0,1,3,31.5,0,0,0,12.5,37.5,1709,214,0,1932
Matt Bell,2020,8,0,0,1,3,26.75,0,0,0,12.5,37.5,5028,629,0,1566
Jared Roan,2013,8,0,0,1,7,16.5,0,0,0,12.5,87.5,4273,534,0,1885
Jared Roan,2016,8,0,0,1,4,30.13,0,0,0,12.5,50,2986,373,0,1767
Jordan Castro,2020,8,0,0,1,3,33.25,0,0,0,12.5,37.5,4283,535,0,1614
Zackeriath Johnson,2016,8,0,0,1,3,44.25,0,0,0,12.5,37.5,2739,342,0,1809
Lewis Bitney,2017,8,0,0,1,2,43.5,0,0,0,12.5,25,2230,279,0,1519
Tim Barham,2020,8,0,0,1,1,28,1,0,0,12.5,12.5,4126,516,0,1356
David Harless,2005,8,0,0,1,1,46.63,0,0,0,12.5,12.5,305,38,0,2122
Paul Oman,2019,8,0,0,1,1,41.38,0,0,0,12.5,12.5,3198,400,0,1753
Dustin Keegan,2019,8,0,0,1,3,32.75,0,0,0,12.5,37.5,4432,554,0,1871
Ray Johnson,2006,8,0,0,1,4,18.25,1,0,0,12.5,50,2768,346,0,1603
Eric McCabe,2014,8,0,0,1,5,23.75,0,0,0,12.5,62.5,3335,417,0,1886
Garrett Gurthie,2023,8,0,0,1,2,36.88,0,0,0,12.5,25,4266,533,0,1494
Josh Anthon,2009,7,0,3,7,7,4.43,0,0,42.86,100,100,11132,1590,0,1642
Steve Rico,2007,7,0,3,6,6,8.43,0,0,42.86,85.71,85.71,7390,1056,0,1619
Matt Orum,2010,7,0,2,5,6,9.57,0,0,28.57,71.43,85.71,7685,1098,0,1681
Walter Haney,2003,7,0,2,5,7,7.14,0,0,28.57,71.43,100,6392,913,0,1614
Steve Rico,2004,7,0,1,6,7,8.29,0,0,14.29,85.71,100,6938,991,0,1877
JohnE McCray,2017,7,0,1,4,6,13.71,0,0,14.29,57.14,85.71,7892,1127,0,1428
Steve Rico,2014,7,0,1,7,7,6.43,0,0,14.29,100,100,8370,1196,0,1766
Steve Rico,2009,7,0,1,4,7,9.43,0,0,14.29,57.14,100,5319,760,0,1611
Michael Johansen,2018,7,0,1,4,5,13,0,0,14.29,57.14,71.43,7027,1004,0,1425
Chris Heeren,2004,7,0,1,4,6,14.43,0,0,14.29,57.14,85.71,3897,557,0,1838
Matt Orum,2009,7,0,1,3,4,14.86,0,0,14.29,42.86,57.14,5470,781,0,1764
Steve Brinster,2008,7,0,1,3,5,15.14,0,0,14.29,42.86,71.43,5121,732,0,1682
Eric McCabe,2007,7,0,1,3,7,11.43,0,0,14.29,42.86,100,5269,753,0,1609
Calvin Heimburg,2018,7,0,1,2,5,16.57,0,0,14.29,28.57,71.43,6938,991,0,1525
James Proctor,2021,7,0,1,2,4,24.57,0,0,14.29,28.57,57.14,8342,1192,0,1424
Jeremy Koling,2011,7,0,1,1,6,13,0,0,14.29,14.29,85.71,3622,517,0,1494
Matt Orum,2005,7,0,1,1,6,14.14,0,0,14.29,14.29,85.71,4743,678,0,1767
Andrew Marwede,2020,7,0,1,1,4,23.71,0,0,14.29,14.29,57.14,6142,877,0,1362
Logan Harpool,2022,7,0,1,1,1,36,0,0,14.29,14.29,14.29,4829,690,0,1506
Evan Smith,2022,7,0,1,1,2,28.57,0,0,14.29,14.29,28.57,6848,978,0,1496
Alex Geisinger,2016,7,0,0,5,6,13.14,0,0,0,71.43,85.71,7985,1141,0,1395
Adam Olsen,2008,7,0,0,3,4,31.71,0,0,0,42.86,57.14,2913,416,0,1794
Paul Ulibarri,2019,7,0,0,3,3,19.14,1,0,0,42.86,42.86,4802,686,0,1233
Josh Anthon,2003,7,0,0,4,6,11.29,0,0,0,57.14,85.71,3189,456,0,1408
Steve Rico,2012,7,0,0,4,5,13.86,0,0,0,57.14,71.43,5732,819,0,1789
Barry Schultz,2010,7,0,0,3,5,12,1,0,0,42.86,71.43,3926,561,0,1481
Barry Schultz,2007,7,0,0,2,5,10.43,1,0,0,28.57,71.43,4666,667,0,1437
Timmy Gill,2003,7,0,0,2,3,30,0,0,0,28.57,42.86,1317,188,0,1469
Steve Brinster,2015,7,0,0,2,6,14,0,0,0,28.57,85.71,8271,1182,0,1781
Peter McBride,2016,7,0,0,2,4,23,0,0,0,28.57,57.14,5125,732,0,1519
Andrew Presnell,2020,7,0,0,2,3,18,0,0,0,28.57,42.86,6078,868,0,1378
Mason Ford,2023,7,0,0,2,3,28.29,0,0,0,28.57,42.86,7836,1119,0,1349
Gregg Barsby,2020,7,0,0,2,2,31.86,0,0,0,28.57,28.57,4490,641,0,1372
Paul Ulibarri,2008,7,0,0,1,3,28.71,0,0,0,14.29,42.86,2712,387,0,1610
Cale Leiviska,2022,7,0,0,1,2,29.43,0,0,0,14.29,28.57,5565,795,0,1433
Dion Arlyn,2011,7,0,0,1,3,20.14,0,0,0,14.29,42.86,2304,329,0,1652
Austin Hoop,2021,7,0,0,1,2,34.29,1,0,0,14.29,28.57,3073,439,0,1179
Chris Sprague,2007,7,0,0,4,6,13.29,0,0,0,57.14,85.71,3942,563,0,1616
Shawn Sinclair,2006,7,0,0,4,5,15.14,0,0,0,57.14,71.43,3385,484,0,1538
Chris Heeren,2005,7,0,0,3,3,21.14,0,0,0,42.86,42.86,2867,410,0,1787
Joel Freeman,2023,7,0,0,3,4,18.86,0,0,0,42.86,57.14,5941,849,0,1334
Bobby Musick,2017,7,0,0,2,2,22.29,0,0,0,28.57,28.57,3813,545,0,1575
Chris Heeren,2003,7,0,0,2,4,26.71,0,0,0,28.57,57.14,1948,278,0,1646
Anthony Barela,2020,7,0,0,2,3,24.71,0,0,0,28.57,42.86,4952,707,0,1414
Todd Branch,2004,7,0,0,2,5,18.86,0,0,0,28.57,71.43,2867,410,0,1869
Simon Lizotte,2021,7,0,0,2,6,15.86,0,0,0,28.57,85.71,7555,1079,0,1481
21541,2008,7,0,0,2,2,37.14,0,0,0,28.57,28.57,1807,258,0,1656
DeVan Owens,2014,7,0,0,2,5,20.14,0,0,0,28.57,71.43,3983,569,0,1843
George Smith,2003,7,0,0,2,3,18.43,0,0,0,28.57,42.86,2013,288,0,1611
George Smith,2007,7,0,0,1,2,41.29,0,0,0,14.29,28.57,1352,193,0,1719
Cameron Messerschmidt,2020,7,0,0,1,1,38.43,0,0,0,14.29,14.29,3230,461,0,1296
Zach Arlinghaus,2023,7,0,0,1,1,45.43,0,0,0,14.29,14.29,3497,500,0,1381
Grady Shue,2017,7,0,0,1,4,22.86,0,0,0,14.29,57.14,3549,507,0,1528
Jeremy Koling,2010,7,0,0,1,5,19.29,0,0,0,14.29,71.43,3330,476,0,1635
James Proctor,2018,7,0,0,1,5,15.71,1,0,0,14.29,71.43,3793,542,0,1220
Dustin Keegan,2014,7,0,0,1,3,30.14,0,0,0,14.29,42.86,2903,415,0,1781
Dana Vicich,2013,7,0,0,1,2,32.43,0,0,0,14.29,28.57,1783,255,0,1684
Philo Brathwaite,2007,7,0,0,1,4,26.14,0,0,0,14.29,57.14,2647,378,0,1756
17737,2005,7,0,0,1,3,31.29,0,0,0,14.29,42.86,1118,160,0,1765
David Harless,2006,7,0,0,1,2,42.86,0,0,0,14.29,28.57,950,136,0,1697
Max Nichols,2014,7,0,0,1,3,29.57,0,0,0,14.29,42.86,3088,441,0,1681
Reid Frescura,2020,7,0,0,1,1,39.71,0,0,0,14.29,14.29,3308,473,0,1496
Ezra Robinson,2023,7,0,0,1,2,26.29,0,0,0,14.29,28.57,4430,633,0,1368
Tim Barham,2018,7,0,0,1,2,34.71,0,0,0,14.29,28.57,3500,500,0,1523
Dr. Rick Voakes,2003,7,0,0,1,3,28.71,0,0,0,14.29,42.86,1137,162,0,1495
Avery Jenkins,2013,7,0,0,1,4,22.57,0,0,0,14.29,57.14,2846,407,0,1795
Avery Jenkins,2014,7,0,0,1,4,18,0,0,0,14.29,57.14,4018,574,0,1816
Cale Leiviska,2010,6,0,2,4,5,9.83,0,0,33.33,66.67,83.33,6035,1006,0,1410
Steve Rico,2013,6,0,2,4,5,9.17,0,0,33.33,66.67,83.33,7575,1263,0,1439
JohnE McCray,2015,6,0,1,4,4,17.33,0,0,16.67,66.67,66.67,6241,1040,0,1315
Steve Brinster,2012,6,0,1,4,5,5.33,1,0,16.67,66.67,83.33,6484,1081,0,1161
Matt Orum,2023,6,0,1,4,4,15.67,0,0,16.67,66.67,66.67,7971,1329,0,1149
Nate Doss,2003,6,0,1,3,5,11.67,0,0,16.67,50,83.33,3002,500,0,1378
Coda Hatfield,2006,6,0,1,2,3,18.67,0,0,16.67,33.33,50,3636,606,0,1475
Cale Leiviska,2013,6,0,1,3,5,10.5,0,0,16.67,50,83.33,5615,936,0,1413
Nikko Locastro,2008,6,0,1,3,5,12.83,0,0,16.67,50,83.33,5078,846,0,1434
Nikko Locastro,2014,6,0,1,3,5,11.17,0,0,16.67,50,83.33,6947,1158,0,1574
Shawn Sinclair,2004,6,0,1,2,4,14.33,0,0,16.67,33.33,66.67,3398,566,0,1573
Cale Leiviska,2021,6,0,1,2,4,17.5,0,0,16.67,33.33,66.67,10404,1734,0,1263
DeVan Owens,2010,6,0,1,2,5,13.5,0,0,16.67,33.33,83.33,4128,688,0,1388
Kris Orrick,2008,6,0,1,1,4,14.83,0,0,16.67,16.67,66.67,4103,684,0,1523
Benjamin Wiggins,2016,6,0,1,1,1,43.17,0,0,16.67,16.67,16.67,2960,493,0,1246
Philo Brathwaite,2010,6,0,1,1,3,19.17,0,0,16.67,16.67,50,3730,622,0,1510
George Smith,2004,6,0,1,1,5,14.17,0,0,16.67,16.67,83.33,3336,556,0,1637
Chris Dickerson,2023,6,0,1,1,5,14.5,0,0,16.67,16.67,83.33,7312,1219,0,1102
Gregg Barsby,2008,6,0,1,1,3,25.5,0,0,16.67,16.67,50,4464,744,0,1503
Niklas Anttila,2023,6,0,1,1,3,23,1,0,16.67,16.67,50,10116,1686,0,949
Cale Leiviska,2017,6,0,0,6,6,6,0,0,0,100,100,7657,1276,0,1176
Matt Orum,2008,6,0,0,4,5,10.33,0,0,0,66.67,83.33,6219,1037,0,1466
Dave Feldberg,2018,6,0,0,2,4,14.83,1,0,0,33.33,66.67,3326,554,0,907
Nikko Locastro,2012,6,0,0,2,4,12.33,1,0,0,33.33,66.67,4300,717,0,1306
Anthony Barela,2017,6,0,0,2,3,26.83,0,0,0,33.33,50,3607,601,0,1338
Shawn Sinclair,2005,6,0,0,1,3,13.33,1,0,0,16.67,50,1374,229,0,994
Jalle Stoor,2017,6,0,0,1,2,23.83,0,0,0,16.67,33.33,2379,397,0,1337
Gregg Barsby,2010,6,0,0,1,6,13.17,0,0,0,16.67,100,4140,690,0,1464
Chandler Fry,2018,6,0,0,1,2,27,1,0,0,16.67,33.33,3223,537,0,1146
Dana Vicich,2014,6,0,0,1,2,22.83,0,0,0,16.67,33.33,3543,591,0,1657
Philo Brathwaite,2008,6,0,0,1,3,31.5,0,0,0,16.67,50,1820,303,0,1515
Adam Hunt,2013,6,0,0,1,3,28.17,0,0,0,16.67,50,2515,419,0,1330
Matt Orum,2011,6,0,0,3,4,14.83,1,0,0,50,66.67,2275,379,0,1201
Steve Brinster,2014,6,0,0,3,5,13.5,0,0,0,50,83.33,4396,733,0,1595
Gregg Barsby,2014,6,0,0,2,5,16.17,0,0,0,33.33,83.33,4116,686,0,1546
Nate Sexton,2010,6,0,0,2,3,19.33,0,0,0,33.33,50,3248,541,0,1463
Eagle McMahon,2015,6,0,0,2,2,28.33,0,0,0,33.33,33.33,3900,650,0,1456
Scott Withers,2019,6,0,0,2,2,23.83,0,0,0,33.33,33.33,3468,578,0,1283
Zach Melton,2015,6,0,0,2,4,16.33,0,0,0,33.33,66.67,5227,871,0,1459
Ken Tank Franks,2008,6,0,0,2,3,28.67,0,0,0,33.33,50,1743,291,0,1273
Paul McBeth,2023,6,0,0,2,5,14.83,0,0,0,33.33,83.33,7261,1210,0,1144
Cale Leiviska,2018,6,0,0,2,4,16.67,0,0,0,33.33,66.67,5360,893,0,1282
DeVan Owens,2009,6,0,0,2,4,12.83,1,0,0,33.33,66.67,2420,403,0,1062
Nathan Queen,2020,6,0,0,2,2,25.5,0,0,0,33.33,33.33,4270,712,0,1092
Joona Heinänen,2023,6,0,0,1,3,30.83,0,0,0,16.67,50,5065,844,0,1203
Edward Ward,2019,6,0,0,1,1,45.33,0,0,0,16.67,16.67,1802,300,0,1309
Seppo Paju,2015,6,0,0,1,3,22.33,0,0,0,16.67,50,4562,760,0,1512
Martin Hendel,2019,6,0,0,1,2,33,0,0,0,16.67,33.33,3253,542,0,1410
Steve Brinster,2017,6,0,0,1,5,18.33,0,0,0,16.67,83.33,5120,853,0,1400
Cameron Todd,2015,6,0,0,1,2,30.17,0,0,0,16.67,33.33,3034,506,0,1404
Mike Milne,2004,6,0,0,1,2,47,0,0,0,16.67,33.33,978,163,0,1429
Mason Marchbanks,2023,6,0,0,1,2,38.17,0,0,0,16.67,33.33,1725,288,0,1143
Alden Harris,2020,6,0,0,1,2,37,0,0,0,16.67,33.33,2790,465,0,1183
Larry Leonard,2003,6,0,0,1,3,24.33,0,0,0,16.67,50,1226,204,0,1209
George Smith,2008,6,0,0,1,4,18.5,0,0,0,16.67,66.67,3011,502,0,1533
Chris Sprague,2008,6,0,0,1,4,28.5,0,0,0,16.67,66.67,2036,339,0,1508
Mike Young,2003,6,0,0,1,2,26.17,0,0,0,16.67,33.33,1185,198,0,1289
Kevin McCoy,2008,6,0,0,1,5,15.5,0,0,0,16.67,83.33,3419,570,0,1266
Mike Gerads,2007,6,0,0,1,1,38.33,0,0,0,16.67,16.67,713,119,0,1439
Cory Sharp,2007,6,0,0,1,1,41.5,0,0,0,16.67,16.67,1428,238,0,1448
Cale Leiviska,2006,6,0,0,1,3,20.83,0,0,0,16.67,50,2975,496,0,1512
Philo Brathwaite,2006,6,0,0,1,4,28,0,0,0,16.67,66.67,1160,193,0,1344
Robert McIntee,2006,6,0,0,1,2,51.17,0,0,0,16.67,33.33,1170,195,0,1468
Matt Bell,2023,6,0,0,1,1,28.5,1,0,0,16.67,16.67,3005,501,0,941
Michael Johansen,2016,5,0,2,4,5,6.2,0,0,40,80,100,8329,1666,0,1004
Josh Anthon,2010,5,0,2,5,5,5.2,0,0,40,100,100,6589,1318,0,1227
Coda Hatfield,2005,5,0,2,3,5,9.6,0,0,40,60,100,2859,572,0,1281
Walter Haney,2004,5,0,2,3,4,9.6,0,0,40,60,80,4730,946,0,1352
Justin Bunnell,2006,5,0,1,3,3,22.4,0,0,20,60,60,3400,680,0,1374
Barry Schultz,2011,5,0,1,3,3,13.6,0,0,20,60,60,3945,789,0,1165
JohnE McCray,2016,5,0,1,2,2,15.4,1,0,20,40,40,3695,739,0,826
Josh Anthon,2005,5,0,1,2,4,7.2,1,0,20,40,80,3290,658,0,931
Cale Leiviska,2019,5,0,1,2,4,12.2,0,0,20,40,80,4951,990,0,1023
Steve Brinster,2010,5,0,1,3,5,8.8,0,0,20,60,100,6770,1354,0,1236
JohnE McCray,2003,5,0,1,2,3,21,0,0,20,40,60,1939,388,0,1253
JohnE McCray,2006,5,0,1,2,4,8,1,0,20,40,80,3918,784,0,1053
Gregg Barsby,2012,5,0,1,2,4,12,0,0,20,40,80,3619,724,0,1296
Dagon Owen,2003,5,0,1,1,1,29.4,0,0,20,20,20,1013,203,0,971
Chris Clemons,2017,5,0,1,1,3,21.6,0,0,20,20,60,4982,996,0,1093
Willie Prince,2018,5,0,1,1,1,65.4,0,0,20,20,20,2285,457,0,977
Allen Hermosillo,2016,5,0,1,1,1,31.2,0,0,20,20,20,2613,523,0,1076
Dana Vicich,2017,5,0,1,1,1,47,0,0,20,20,20,2095,419,0,1149
Cameron Colglazier,2015,5,0,0,4,5,8.4,0,0,0,80,100,7203,1441,0,1268
Cale Leiviska,2014,5,0,0,4,5,8.4,0,0,0,80,100,5423,1085,0,1226
Markus Källström,2008,5,0,0,4,4,12.6,0,0,0,80,80,5310,1062,0,1208
Josh Anthon,2008,5,0,0,4,5,7.6,0,0,0,80,100,5155,1031,0,1218
Nate Doss,2004,5,0,0,3,4,13.2,0,0,0,60,80,3506,701,0,1504
Markus Källström,2006,5,0,0,3,4,7.4,1,0,0,60,80,2765,553,0,994
Steve Brinster,2009,5,0,0,2,3,14.6,0,0,0,40,60,3093,619,0,1121
Micah Dorius,2004,5,0,0,2,4,12.6,0,0,0,40,80,3520,704,0,1455
Mike Hofmann,2006,5,0,0,2,4,18.6,0,0,0,40,80,2733,547,0,1290
Peter Wyngaard,2006,5,0,0,2,4,20.6,0,0,0,40,80,1827,365,0,1159
William Themm,2007,5,0,0,2,3,45,0,0,0,40,60,1046,209,0,1078
George Smith,2006,5,0,0,2,4,22.8,0,0,0,40,80,2269,454,0,1313
Brad Hammock,2003,5,0,0,2,4,20,0,0,0,40,80,1848,370,0,1124
Matthew Blakely,2004,5,0,0,1,2,33.6,0,0,0,20,40,790,158,0,1176
Mitch Sonderfan,2004,5,0,0,1,2,42.4,0,0,0,20,40,1068,214,0,1483
Nate Sexton,2008,5,0,0,1,3,20.6,0,0,0,20,60,3174,635,0,1338
Drew Gibson,2023,5,0,0,1,2,25.4,0,0,0,20,40,4890,978,0,1067
Garrett Gurthie,2006,5,0,0,1,3,19.8,0,0,0,20,60,2665,533,0,1256
Chris Dickerson,2016,5,0,0,1,3,17,0,0,0,20,60,4478,896,0,1189
Ricky Wysocki,2010,5,0,0,1,2,32.6,0,0,0,20,40,1280,256,0,1159
Timmy Gill,2006,5,0,0,1,3,18,1,0,0,20,60,2490,498,0,1113
Silas Schultz,2023,5,0,0,1,3,18.8,0,0,0,20,60,7430,1486,0,925
Matt Orum,2016,5,0,0,4,5,9.4,0,0,0,80,100,7004,1401,0,1050
Cameron Colglazier,2012,5,0,0,4,5,8.6,0,0,0,80,100,5080,1016,0,1301
Ken Climo,2012,5,0,0,3,5,10.6,0,0,0,60,100,4165,833,0,1161
Chris Sprague,2004,5,0,0,2,5,12.6,0,0,0,40,100,3120,624,0,1452
Nate Sexton,2007,5,0,0,2,2,21.2,0,0,0,40,40,2275,455,0,1327
Ken Tank Franks,2009,5,0,0,2,3,26.4,0,0,0,40,60,2190,438,0,1294
Mike Milne,2003,5,0,0,2,2,22,0,0,0,40,40,1823,365,0,1286
Bradley Williams,2013,5,0,0,2,3,18.4,0,0,0,40,60,2019,404,0,1085
James Cole,2016,5,0,0,1,3,30.8,0,0,0,20,60,3103,621,0,1079
Dutch Napier,2016,5,0,0,1,1,25.6,0,0,0,20,20,2885,577,0,1066
Patrick Brown,2017,5,0,0,1,1,22,1,0,0,20,20,2018,404,0,730
Shasta Criss,2016,5,0,0,1,2,28.6,0,0,0,20,40,2620,524,0,1070
Miles Seaborn,2021,5,0,0,1,2,32.4,0,0,0,20,40,2885,577,0,1040
Steve Rico,2017,5,0,0,1,1,27.6,1,0,0,20,20,1558,312,0,922
Kim Scott-Wood,2006,5,0,0,1,5,14.2,0,0,0,20,100,2950,590,0,1265
Kim Scott-Wood,2007,5,0,0,1,2,42.4,0,0,0,20,40,678,136,0,1289
Cale Leiviska,2015,5,0,0,1,5,13,0,0,0,20,100,4903,981,0,1231
Geoff Bennett,2012,5,0,0,1,1,30.8,0,0,0,20,20,1155,231,0,1344
Geoff Bennett,2017,5,0,0,1,2,32.6,0,0,0,20,40,1993,399,0,1131
Dagon Owen,2006,5,0,0,1,1,56,0,0,0,20,20,420,84,0,1228
Matthew Blakely,2007,5,0,0,1,4,20.4,0,0,0,20,80,1927,385,0,1054
John Child,2007,5,0,0,1,2,25.2,0,0,0,20,40,1717,343,0,1126
Jeff Layland,2008,5,0,0,1,2,30.4,0,0,0,20,40,1295,259,0,1049
Nate Sexton,2023,5,0,0,1,1,36,0,0,0,20,20,2843,569,0,942
Cary Trotter,2007,5,0,0,1,3,27.6,0,0,0,20,60,1228,246,0,1093
Bard Soleng,2005,5,0,0,1,2,29.2,0,0,0,20,40,1850,370,0,1365
Clint Calvin,2021,5,0,0,1,1,35.8,0,0,0,20,20,3065,613,0,1197
Myles Harding,2007,5,0,0,1,2,40.4,0,0,0,20,40,995,199,0,1310
Nate Doss,2018,5,0,0,1,4,11.6,1,0,0,20,80,2925,585,0,765
Cameron Todd,2010,5,0,0,1,3,28,0,0,0,20,60,1763,353,0,1188
Cameron Todd,2013,5,0,0,1,1,25.8,0,0,0,20,20,1555,311,0,1347
Sonny Ashby,2004,5,0,0,1,2,38,0,0,0,20,40,2080,416,0,1442
Barry Schultz,2017,5,0,0,1,4,17.4,0,0,0,20,80,3640,728,0,970
7172,2003,5,0,0,1,4,18.8,0,0,0,20,80,1292,258,0,1233
Sam Ferrans,2004,5,0,0,1,1,55,0,0,0,20,20,620,124,0,1492
Seppo Paju,2017,5,0,0,1,4,18.6,0,0,0,20,80,3933,787,0,1144
Weston Isaacs,2016,5,0,0,1,1,59.2,0,0,0,20,20,1210,242,0,1119
Pasi Koivu,2017,5,0,0,1,1,31.4,0,0,0,20,20,2310,462,0,1193
