Rikishi,total_wins,total_losses,total_ties,avg_height_cm,avg_weight_kg,total_matches,win_percentage
Abi,192,145,38,186.2,132.2,375,0.512
Adachi,10,20,0,183,130,30,0.3333333333333333
Akebono,566,198,181,203.71428571428572,216.9047619047619,945,0.5989417989417989
Akinoshima,647,640,78,175.2032967032967,145.93626373626373,1365,0.473992673992674
Akinoshu,44,61,0,179,119.28571428571429,105,0.41904761904761906
Akiseyama,27,41,7,182.6,176.76,75,0.36
Akua,39,63,3,182.71428571428572,165.68571428571428,105,0.37142857142857144
Ama,213,161,1,185.4,118.192,375,0.568
Amakaze,5,10,0,184,200.5,15,0.3333333333333333
Amanoyama,178,227,0,189.7962962962963,176.1851851851852,405,0.43950617283950616
Amatsukaze,96,133,11,179,124,240,0.4
Amatsunada,18,27,0,183,100,45,0.4
Aminishiki,685,738,47,185.07142857142858,138.29591836734693,1470,0.46598639455782315
Amuru,58,73,4,192,126,135,0.42962962962962964
Annenyama,207,183,0,181,111,390,0.5307692307692308
Aobajo,429,501,0,180.09677419354838,141.6451612903226,930,0.4612903225806452
Aobayama,208,257,0,186.96774193548387,124.51612903225806,465,0.44731182795698926
Aogiyama,223,314,33,181.39473684210526,148.77631578947367,570,0.3912280701754386
Aoiyama,483,497,25,191.52238805970148,189.4268656716418,1005,0.48059701492537316
Aonosato,408,492,0,182.05,119.01666666666667,900,0.4533333333333333
Araiwa,46,54,5,169,114,105,0.4380952380952381
Arakiyama,22,37,16,177,142,75,0.29333333333333333
Aran,196,239,0,186.63333333333333,149.84666666666666,435,0.45057471264367815
Aranami,63,102,0,184,106,165,0.38181818181818183
Arase,351,367,2,177.26041666666666,145.39583333333334,720,0.4875
Arashiyama,4,11,0,179.5,110,15,0.26666666666666666
Arawashi,146,180,4,184,122,330,0.44242424242424244
Asaarashi,5,10,0,183,110,15,0.3333333333333333
Asahifuji,487,277,46,187.96296296296296,138.1851851851852,810,0.6012345679012345
Asahikuni,418,330,57,173.75,111.51851851851852,805,0.5192546583850932
Asahisato,21,39,0,186.25,132.75,60,0.35
Asahisho,23,35,2,174.25,137,60,0.38333333333333336
Asahiyutaka,160,198,0,190.41666666666666,139,358,0.44692737430167595
Asanobori,82,113,0,175.16923076923078,149.69230769230768,195,0.4205128205128205
Asanosho,213,248,19,184.75,142.125,480,0.44375
Asanoumi,23,37,0,172,94,60,0.38333333333333336
Asanowaka,346,434,0,176.23076923076923,142.97692307692307,780,0.44358974358974357
Asanoyama,195,120,60,188.52,161.84,375,0.52
Asaoka,17,28,0,174,125,45,0.37777777777777777
Asasegawa,188,236,11,176.10344827586206,136.48275862068965,435,0.432183908045977
Asasekiryu,410,442,33,184.4406779661017,141.4677966101695,885,0.4632768361581921
Asashio,752,469,144,184.54945054945054,166.8021978021978,1365,0.550915750915751
Asashoryu,596,153,76,184.05454545454546,140.77818181818182,825,0.7224242424242424
Asofuji,10,20,0,179,124.5,30,0.3333333333333333
Atagoyama,104,120,31,177,117,255,0.40784313725490196
Atamifuji,4,11,0,185,166,15,0.26666666666666666
Azumanada,95,115,0,186.89285714285714,123.28571428571429,210,0.4523809523809524
Azumanishiki,3,12,0,173,132,15,0.2
Azumaryu,71,94,15,191.625,149.53333333333333,180,0.39444444444444443
Azumaumi,23,37,0,174,166,60,0.38333333333333336
Banryuyama,200,268,12,177.171875,140.25,480,0.4166666666666667
Baruto,330,197,88,197.65853658536585,180.37560975609756,615,0.5365853658536586
Bushozan,5,10,0,172,170,15,0.3333333333333333
Bushuyama,63,102,0,190.8181818181818,169.51818181818183,165,0.38181818181818183
Buyuzan,167,196,12,180.88,160.208,375,0.44533333333333336
Chikubayama,11,19,0,176,121,30,0.36666666666666664
Chiyohakuho,41,39,10,180.76666666666668,135,90,0.45555555555555555
Chiyomaru,195,253,2,178,179.68666666666667,450,0.43333333333333335
Chiyonofuji,807,253,155,182.43827160493828,116.21604938271605,1215,0.6641975308641975
Chiyonokuni,195,205,95,183.36363636363637,142.77878787878788,495,0.3939393939393939
Chiyonoo,17,28,0,179.33333333333334,149.2,45,0.37777777777777777
Chiyonoumi,8,7,0,182,128,15,0.5333333333333333
Chiyonoyama,70,29,81,190,122,180,0.3888888888888889
Chiyoo,10,16,4,178,149.6,30,0.3333333333333333
Chiyootori,125,138,22,179,178.26315789473685,285,0.43859649122807015
Chiyoshoma,213,252,15,183.4375,126.425,480,0.44375
Chiyotaikai,597,402,115,181.24,156.71466666666666,1114,0.5359066427289049
Chiyotairyu,379,423,46,181.59649122807016,167.16842105263157,848,0.44693396226415094
Chiyotenzan,144,181,20,183.59565217391304,146.95652173913044,345,0.41739130434782606
Chiyozakura,42,63,0,182,105.85714285714286,105,0.4
Daiamami,77,99,4,184.33333333333334,172,180,0.42777777777777776
Daido,87,108,0,187.3846153846154,164,195,0.4461538461538462
Daieisho,326,302,2,180,144.13333333333333,630,0.5174603174603175
Daigo,221,255,4,187.75,130.90625,480,0.46041666666666664
Daihi,12,18,0,185,126,30,0.4
Daihisho,29,31,0,195,175.5,60,0.48333333333333334
Daiju,308,296,26,177.04285714285714,146.92857142857142,630,0.4888888888888889
Daijuyama,431,501,28,181.90625,155.65625,960,0.44895833333333335
Daikiho,3,12,0,182,152,15,0.2
Daikiko,5,10,0,184,160,15,0.3333333333333333
Daikirin,222,144,43,180.54285714285714,136.67857142857142,409,0.5427872860635696
Daimanazuru,2,13,0,188.5,164.5,15,0.13333333333333333
Daimonji,43,62,0,182.14285714285714,102.14285714285714,105,0.4095238095238095
Daio,57,93,0,186.05,97.4,150,0.38
Dairyugawa,162,228,0,178.41538461538462,113.76923076923077,390,0.4153846153846154
Daisetsu,77,103,0,181.75,110.66666666666667,180,0.42777777777777776
Daishi,145,191,9,181.43478260869566,164.47826086956522,345,0.42028985507246375
Daishin,49,69,2,178,114.5,120,0.4083333333333333
Daishoho,274,329,27,186.58333333333334,143.28571428571428,630,0.43492063492063493
Daishomaru,122,148,0,175,153,270,0.45185185185185184
Daishoyama,153,176,1,181.72727272727272,176.9090909090909,330,0.4636363636363636
Daitenryu,22,23,0,181,102,45,0.4888888888888889
Daitetsu,209,256,0,193,125.70967741935483,465,0.44946236559139785
Daiyu,296,349,0,178.5581395348837,113.20930232558139,645,0.45891472868217054
Daizen,235,290,0,188.54,150.74285714285713,525,0.44761904761904764
Dejima,546,478,98,180.27466666666666,158.89466666666667,1122,0.48663101604278075
Dewaarashi,10,17,3,186,186,30,0.3333333333333333
Dewaminato,34,43,13,177,98,90,0.37777777777777777
Dewanishiki,327,327,36,181,143,690,0.47391304347826085
Dewanohana,441,483,36,184.7265625,119.890625,960,0.459375
Enazakura,175,215,0,180.42307692307693,131.69230769230768,390,0.44871794871794873
Endo,396,386,58,183.26785714285714,146.1535714285714,840,0.4714285714285714
Enho,70,80,0,169,95,150,0.4666666666666667
Fujiazuma,105,135,15,181.11764705882354,182.78235294117647,255,0.4117647058823529
Fujihikari,6,9,0,180,131,15,0.4
Fujinishiki,414,466,5,175.05084745762713,135.28813559322035,885,0.46779661016949153
Fujinokawa,268,316,16,181.325,111.05,600,0.44666666666666666
Fujinoshin,87,102,21,180.28571428571428,140.92857142857142,210,0.4142857142857143
Fujizakura,502,582,11,177.96575342465752,133.3013698630137,1095,0.45844748858447487
Fukudayama,100,123,2,181,94,225,0.4444444444444444
Fukunohana,421,466,28,181.5,128.13114754098362,915,0.4601092896174863
Fukunosato,18,27,0,176,85,45,0.4
Fukunoumi,53,67,0,175,108,120,0.44166666666666665
Fusanishiki,352,391,7,176,118,750,0.4693333333333333
Futagodake,376,460,12,178.0859649122807,109.14035087719299,848,0.44339622641509435
Futahaguro,74,33,13,199,151,120,0.6166666666666667
Futasegawa,21,22,2,178,129,45,0.4666666666666667
Futatsuryu,307,405,23,184.76530612244898,136.16326530612244,735,0.41768707482993195
Futeno,231,260,4,180.4848484848485,154.39393939393938,495,0.4666666666666667
Gagamaru,248,307,0,185.48648648648648,203.2054054054054,555,0.44684684684684683
Ganyu,144,195,6,184.52173913043478,171.8913043478261,345,0.41739130434782606
Goeido,575,439,66,182.79166666666666,151.65,1080,0.5324074074074074
Gojoro,113,135,7,190.7058823529412,149.6,255,0.44313725490196076
Hachiya,26,34,0,180.25,107.75,60,0.43333333333333335
Hagurogawa,39,36,30,181,125,105,0.37142857142857144
Hagurohana,156,159,0,181,125,315,0.49523809523809526
Haguroiwa,219,248,13,178.34375,127.78125,480,0.45625
Haguroyama,146,170,29,181,111,345,0.42318840579710143
Hajimayama,87,108,15,176,120,210,0.4142857142857143
Hakuba,55,65,0,186.38888888888889,123.81111111111112,120,0.4583333333333333
Hakuho,1078,199,253,192.25588235294117,149.9862745098039,1530,0.7045751633986929
Hakurozan,97,128,0,189.06666666666666,138.2,225,0.4311111111111111
Hakuryuyama,31,51,8,177,114,90,0.34444444444444444
Hakuyozan,10,5,0,185,145.8,15,0.6666666666666666
Hamanishiki,44,61,0,181,127.42857142857143,105,0.41904761904761906
Hamanoshima,293,367,0,178.54545454545453,125.0909090909091,660,0.44393939393939397
Hanada,27,41,7,179.7,101,75,0.36
Hanahikari,170,205,0,178,126.24,375,0.4533333333333333
Hananokuni,159,189,12,185,144.70833333333334,360,0.44166666666666665
Hananoumi,164,185,41,180.84615384615384,135.19230769230768,390,0.4205128205128205
Hanenishiki,75,85,5,180,135,165,0.45454545454545453
Harumafuji,499,212,84,185.22641509433961,131.87547169811322,795,0.6276729559748427
Harunoyama,16,29,15,188,177,60,0.26666666666666666
Hasegawa,523,502,0,182.81159420289856,123.92753623188406,1025,0.5102439024390244
Hattori,16,14,0,192,138,30,0.5333333333333333
Hayateumi,126,127,77,184.04545454545453,125.2909090909091,330,0.38181818181818183
Hidanohana,153,222,0,181.56,134.88,375,0.408
Hidenoumi,76,104,15,184.46153846153845,156.1076923076923,195,0.38974358974358975
Higonoumi,335,417,43,183.28301886792454,143.21698113207546,795,0.42138364779874216
Hiodoshi,12,22,11,179,120,45,0.26666666666666666
Hiradoumi,41,34,0,177,129,75,0.5466666666666666
Hirakagawa,15,10,20,179,100,45,0.3333333333333333
Hirokawa,218,251,11,177.0625,140.5,480,0.45416666666666666
Hirosegawa,46,50,9,180,105,105,0.4380952380952381
Hitachiryu,12,18,15,179.66666666666666,131,45,0.26666666666666666
Hochiyama,27,63,0,188.83333333333334,146.66666666666666,90,0.3
Hokuseiho,17,13,0,200,164,30,0.5666666666666667
Hokutenyu,513,335,52,182.975,143.21666666666667,900,0.57
Hokutofuji,288,268,14,183.10526315789474,159.47368421052633,570,0.5052631578947369
Hokutoriki,329,383,23,182.33673469387756,149.9326530612245,735,0.44761904761904764
Hokutoumi,306,95,109,181,143.94285714285715,510,0.6
Homarefuji,56,83,11,180.2,163.78,150,0.37333333333333335
Homasho,309,304,77,185.94565217391303,146.78478260869565,690,0.44782608695652176
Hoo,218,277,15,178.52941176470588,140.76470588235293,510,0.42745098039215684
Hoshi,159,111,0,180.77777777777777,134.5,270,0.5888888888888889
Hoshiiwato,4,11,0,182,138,15,0.26666666666666666
Hoshikabuto,128,172,0,171,107,300,0.4266666666666667
Hoshoryu,145,108,2,185.8235294117647,126.76470588235294,255,0.5686274509803921
Ichihara,8,9,13,181,174.35,30,0.26666666666666666
Ichinojo,326,291,73,190.5531914893617,187.14893617021278,690,0.47246376811594204
Ichinoya,44,61,0,173,86,105,0.41904761904761906
Ichiyamamoto,70,89,6,187,133,165,0.42424242424242425
Ikioi,305,340,0,193.7674418604651,154.62790697674419,645,0.4728682170542636
Ishide,22,23,0,177,121,45,0.4888888888888889
Ishiura,157,175,43,173.28,105.392,375,0.4186666666666667
Itai,331,430,19,176.51923076923077,134.46153846153845,780,0.42435897435897435
Iwakaze,356,394,0,174,117,750,0.4746666666666667
Iwakiyama,293,318,34,184.48837209302326,173.50232558139535,645,0.4542635658914729
Iwanami,30,45,0,181,139.6,75,0.4
Iwashita,14,15,16,180.5,135,45,0.3111111111111111
Iwatora,23,32,5,176.9,108,60,0.38333333333333336
Izuminada,132,148,5,176,103,285,0.4631578947368421
Jingaku,309,396,0,189.06382978723406,140.63829787234042,705,0.43829787234042555
Jokoryu,100,128,12,187,160.4,240,0.4166666666666667
Jumonji,222,286,2,185.23529411764707,154.19117647058823,510,0.43529411764705883
Kagamio,43,62,0,182,136,105,0.4095238095238095
Kagamisato,41,27,22,174,162,90,0.45555555555555555
Kagayaki,259,311,0,193,148.84473684210528,570,0.4543859649122807
Kagetora,19,41,0,182,113.5,60,0.31666666666666665
Kaigo,40,50,0,182,108,90,0.4444444444444444
Kaiho,326,377,32,177.5204081632653,122.72448979591837,735,0.4435374149659864
Kaiketsu,367,304,0,188.12222222222223,126.47777777777777,671,0.5469448584202683
Kaiki,446,522,22,182.0909090909091,142.33333333333334,990,0.4505050505050505
Kainoyama,363,389,13,172,117.01960784313725,765,0.4745098039215686
Kaio,879,581,141,184.49532710280374,166.46728971962617,1601,0.5490318550905684
Kairyuyama,306,354,0,179,115.31818181818181,660,0.4636363636363636
Kaisei,398,450,37,194.76271186440678,186.7915254237288,885,0.4497175141242938
Kaizan,161,199,0,181,102,360,0.44722222222222224
Kakizoe,299,343,3,176.88372093023256,136.4581395348837,645,0.4635658914728682
Kakuryu,635,389,231,186.27380952380952,144.52142857142857,1255,0.5059760956175299
Kaminishiki,32,37,6,180,96,75,0.4266666666666667
Kamioiyama,20,27,13,173,90,60,0.3333333333333333
Kanenohana,287,335,8,180.99285714285713,118.9047619047619,630,0.45555555555555555
Kaneshiro,199,206,0,183.83333333333334,136.33333333333334,405,0.49135802469135803
Kashiwado,574,220,140,187.98888888888888,139.0793650793651,934,0.6145610278372591
Kasugafuji,289,341,0,177.96428571428572,140.35714285714286,630,0.4587301587301587
Kasuganishiki,107,156,37,187.475,147.09,300,0.3566666666666667
Kasugao,199,272,9,183.4090909090909,148.76060606060605,480,0.41458333333333336
Katayama,36,54,0,179,136.16666666666666,90,0.4
Katsuhikari,33,72,0,185.85714285714286,109.57142857142857,105,0.3142857142857143
Katsunishiki,5,10,0,185,111,15,0.3333333333333333
Kenko,181,224,15,190.17857142857142,136.53571428571428,420,0.430952380952381
Kimikaze,5,8,2,183,131,15,0.3333333333333333
Kiminishiki,138,168,9,177,125,315,0.4380952380952381
Kimurayama,101,139,0,181.71875,169.6125,240,0.42083333333333334
Kinbozan,15,15,0,191,165,30,0.5
Kinkaiyama,102,146,7,183.54117647058823,154.7058823529412,255,0.4
Kinoarashi,98,112,30,182.96875,156,240,0.4083333333333333
Kiraiho,177,198,0,188.76,154.44,375,0.472
Kiribayama,168,130,2,186.1,124.8,300,0.56
Kirinishiki,213,248,49,187,165.88235294117646,510,0.4176470588235294
Kirinji,831,837,40,181.6578947368421,137.2719298245614,1708,0.48653395784543324
Kirishima,518,507,40,186.66197183098592,123.12676056338029,1065,0.4863849765258216
Kiryugawa,97,113,0,177,73,210,0.46190476190476193
Kisenosato,704,448,97,187.53571428571428,169.47142857142856,1249,0.5636509207365893
Kitabayama,396,273,21,173,119,690,0.5739130434782609
Kitaharima,6,9,0,182,121,15,0.4
Kitakachidoki,331,389,15,183.0612244897959,142.75510204081633,735,0.45034013605442175
Kitanofuji,592,294,62,182.98125,133.25,948,0.6244725738396625
Kitanohana,28,32,0,174.5,96.5,60,0.4666666666666667
Kitanokuni,52,68,0,178,124,120,0.43333333333333335
Kitanonada,221,240,4,180,120,465,0.4752688172043011
Kitanoumi,804,247,107,179.51410256410256,156.9102564102564,1158,0.694300518134715
Kitao,123,54,3,198.70833333333334,146.33333333333334,180,0.6833333333333333
Kitaseumi,266,310,6,174.7128205128205,109.25641025641026,582,0.4570446735395189
Kitataiki,255,315,0,184.60526315789474,147.7,570,0.4473684210526316
Kitazakura,70,110,0,189.16666666666666,170.41666666666666,180,0.3888888888888889
Kiunzan,13,17,0,180,81,30,0.43333333333333335
Kiyoenami,51,78,6,175,118,135,0.37777777777777777
Kiyokuni,506,384,31,182.11451612903227,129.75806451612902,921,0.5494028230184582
Kiyonomori,75,105,0,183,92,180,0.4166666666666667
Kiyosegawa,40,65,0,183,92,105,0.38095238095238093
Kobo,21,39,0,182.875,129.375,60,0.35
Koboyama,312,377,16,178.81914893617022,142.63829787234042,705,0.4425531914893617
Koinose,67,83,0,170,105,150,0.44666666666666666
Kokkai,312,363,0,189.06666666666666,153.98888888888888,675,0.4622222222222222
Komafudo,5,10,0,181,142,15,0.3333333333333333
Kongo,259,281,0,184,109.13513513513513,540,0.47962962962962963
Konishiki,649,476,89,185.91358024691357,247.08641975308643,1214,0.5345963756177924
Konuma,10,9,11,181,130,30,0.3333333333333333
Koryu,73,107,15,181.57142857142858,140.89285714285714,195,0.37435897435897436
Kotetsuyama,302,411,22,176.04897959183674,125.14285714285714,735,0.4108843537414966
Kotobeppu,164,210,16,177.80769230769232,177.40384615384616,390,0.4205128205128205
Kotochitose,32,43,0,182.3,133.8,75,0.4266666666666667
Kotoeko,181,220,4,176.27777777777777,121.65925925925926,405,0.4469135802469136
Kotofuji,251,289,15,191.21621621621622,144.1891891891892,555,0.45225225225225224
Kotogahama,255,181,89,177,117,525,0.4857142857142857
Kotogatake,36,54,0,187,107.5,90,0.4
Kotogaume,369,389,22,179.25,168.32692307692307,780,0.47307692307692306
Kotoinazuma,405,480,15,180.53333333333333,131.55,900,0.45
Kotokasuga,26,34,0,182.1,146.14000000000001,60,0.43333333333333335
Kotokaze,395,249,80,183.03061224489795,156.10204081632654,724,0.5455801104972375
Kotokuzan,9,21,0,181,157,30,0.3
Kotomitsuki,492,343,50,181.685,152.875,885,0.5559322033898305
Kotonishiki,506,441,43,176.47727272727272,135.87878787878788,990,0.5111111111111111
Kotonofuji,72,104,4,182.375,139.41666666666666,180,0.4
Kotonowaka,752,769,98,190.43148148148148,168.66296296296295,1619,0.4644842495367511
Kotooshu,466,322,67,202.8421052631579,148.9859649122807,855,0.5450292397660819
Kotoryu,325,378,62,183.13725490196077,142.40588235294118,765,0.42483660130718953
Kotoshogiku,711,613,41,179.7087912087912,168.6,1365,0.5208791208791209
Kotoshoho,82,98,15,190.07692307692307,152.30769230769232,195,0.4205128205128205
Kototsubaki,100,104,21,188,144.46666666666667,225,0.4444444444444444
Kotowaka,76,104,0,196.83333333333334,135.5,180,0.4222222222222222
Kotoyuki,201,220,59,175.90625,161.70625,480,0.41875
Kotozakura,553,345,77,181.51515151515153,143.9848484848485,975,0.5671794871794872
Kuninobori,105,116,4,174,126,225,0.4666666666666667
Kurama,424,491,15,187.74193548387098,134.46774193548387,930,0.4559139784946237
Kurikeyama,18,27,0,175,88,45,0.4
Kurohimeyama,510,570,0,181.74027777777778,143.79166666666666,1080,0.4722222222222222
Kurojishi,11,19,0,174,95,30,0.36666666666666664
Kurosegawa,173,216,1,184.03846153846155,129.46153846153845,390,0.44358974358974357
Kushimaumi,237,273,15,187.5142857142857,185.7,525,0.4514285714285714
Kyokudozan,325,380,0,182.00833333333333,103.41666666666667,705,0.46099290780141844
Kyokugozan,27,63,0,181.16666666666666,169.33333333333334,90,0.3
Kyokunankai,4,11,0,180,137.7,15,0.26666666666666666
Kyokushuho,132,163,20,190.9047619047619,149.32857142857142,315,0.41904761904761906
Kyokushuzan,408,507,2,182.0483870967742,136.75483870967741,917,0.44492911668484186
Kyokutaisei,18,17,10,184,128.2,45,0.4
Kyokutenho,697,773,15,191.1959595959596,151.47373737373738,1485,0.46936026936026937
Maedagawa,204,261,0,170,117,465,0.43870967741935485
Maegashio,2,13,0,175,88,15,0.13333333333333333
Maenoshin,62,88,0,184,141,150,0.41333333333333333
Maenoyama,393,375,34,184.11481481481482,123.64814814814815,802,0.49002493765586036
Mainoumi,241,287,12,171.25,97.02777777777777,540,0.4462962962962963
Makimoto,3,12,0,183,137,15,0.2
Maruyama,8,20,17,182.33333333333334,114.66666666666667,45,0.17777777777777778
Masatsukasa,32,43,15,183,136.3,90,0.35555555555555557
Masudayama,313,387,5,186.7127659574468,147.06382978723406,705,0.44397163120567373
Masuiyama,422,435,18,181.74067796610169,108.96610169491525,875,0.48228571428571426
Masunoyama,84,97,14,179,177.56153846153848,195,0.4307692307692308
Masurao,111,125,64,187.95,118.6,300,0.37
Matsumaeyama,14,16,15,173,94,45,0.3111111111111111
Matsunobori,184,227,24,172,154,435,0.42298850574712643
Meisei,204,209,7,180,135.5,420,0.4857142857142857
Midorifuji,70,65,15,170.7,111.7,150,0.4666666666666667
Mienoumi,543,413,52,180.65441176470588,126.01470588235294,1008,0.5386904761904762
Minatofuji,302,371,17,186.17391304347825,163.2608695652174,690,0.43768115942028984
Misogidori,88,109,13,181.32142857142858,113.42857142857143,210,0.41904761904761906
Misugiiso,138,172,5,186.78571428571428,120.19047619047619,315,0.4380952380952381
Misugisato,367,428,0,185.13584905660377,149.17924528301887,795,0.46163522012578617
Mitakeumi,364,283,13,179,156.3181818181818,660,0.5515151515151515
Mitoizumi,530,556,99,193.56075949367087,177.37974683544303,1185,0.4472573839662447
Mitoryu,32,43,0,187,182.8,75,0.4266666666666667
Mitsuneyama,120,143,7,176,150,270,0.4444444444444444
Mitsuruyama,37,53,0,188.03333333333333,119,90,0.4111111111111111
Miyabashira,19,35,6,185,108,60,0.31666666666666665
Miyabiyama,599,563,68,187.39512195121952,179.62439024390244,1230,0.4869918699186992
Miyanishiki,104,121,0,171,119,225,0.4622222222222222
Miyanohana,3,12,0,176,110,15,0.2
Mokonami,71,79,0,186.63636363636363,149.6,150,0.47333333333333333
Musashimaru,706,267,115,191.24109589041095,206.3082191780822,1088,0.6488970588235294
Musoyama,520,367,122,183.83235294117648,167.60294117647058,1009,0.5153617443012884
Mutsuarashi,375,417,3,176.89811320754717,107.94339622641509,795,0.4716981132075472
Myobudani,390,414,6,189,112.14814814814815,810,0.48148148148148145
Myogiryu,454,490,31,187,148.51076923076923,975,0.46564102564102566
Nagahama,24,21,0,185,127,45,0.5333333333333333
Nagaoka,19,11,0,180,153,30,0.6333333333333333
Naminohana,117,153,0,178.55555555555554,131.72222222222223,270,0.43333333333333335
Nankairyu,44,45,1,188,137.57142857142858,90,0.4888888888888889
Narutoumi,114,151,5,183,90,270,0.4222222222222222
Naruyama,161,199,0,176,110,360,0.44722222222222224
Nionoumi,5,10,0,173,144,15,0.3333333333333333
Nishikifuji,46,44,0,183,143,90,0.5111111111111111
Nishikigi,203,245,2,184.36666666666667,154.7,450,0.45111111111111113
Nishikinada,119,146,5,178,145.44444444444446,270,0.44074074074074077
Ogata,20,25,0,189.66666666666666,157.33333333333334,45,0.4444444444444444
Oginishiki,299,359,47,185.3404255319149,137.74468085106383,705,0.42411347517730497
Oginohana,556,638,6,178.6875,128.675,1200,0.4633333333333333
Ogiyama,78,102,0,177,102.25,180,0.43333333333333335
Ohikari,290,309,16,181,115,615,0.4715447154471545
Ohinode,42,48,0,184,151.5,90,0.4666666666666667
Oho,60,60,0,191,170,120,0.5
Oikari,45,60,0,176.5,131.57142857142858,105,0.42857142857142855
Oikawa,147,164,4,176,120,315,0.4666666666666667
Oiteyama,107,133,15,181,130.88235294117646,255,0.4196078431372549
Oiwato,5,10,0,178,140,15,0.3333333333333333
Oiyama,4,11,0,179,118,15,0.26666666666666666
Okanoyama,23,43,9,185,112,75,0.30666666666666664
Okinoumi,509,560,32,190.3918918918919,154.23648648648648,1101,0.4623069936421435
Oko,3,12,0,179,146,15,0.2
Onishiki,348,428,19,184.0754716981132,142.5,795,0.4377358490566038
Onobori,32,42,1,184,119.8,75,0.4266666666666667
Onohana,5,10,0,188.4,131,15,0.3333333333333333
Onokuni,426,228,111,189,188.0392156862745,765,0.5568627450980392
Ononishiki,31,44,0,176,98,75,0.41333333333333333
Onosho,249,226,35,176.41176470588235,152,510,0.48823529411764705
Onoumi,18,27,0,178.5,120,45,0.4
Onoura,31,44,0,171,99,75,0.41333333333333333
Orochigata,16,29,0,179,120,45,0.35555555555555557
Osegawa,104,116,5,179,115,225,0.4622222222222222
Oshio,335,413,17,183.33333333333334,130.94117647058823,765,0.43790849673202614
Osunaarashi,112,100,43,189,146,255,0.4392156862745098
Otachi,40,58,22,194,180,120,0.3333333333333333
Otayama,10,20,0,177,120,30,0.3333333333333333
Otsukasa,184,266,0,174.95,148.01666666666665,450,0.4088888888888889
Ouchiyama,73,101,21,202,152,195,0.37435897435897436
Owakamatsu,24,32,4,187,147,60,0.4
Owashi,114,156,0,190.11666666666667,113.05555555555556,270,0.4222222222222222
Oyutaka,85,110,0,186.5,158.30769230769232,195,0.4358974358974359
Ozutsu,533,637,0,182.84615384615384,141.98717948717947,1170,0.45555555555555555
Raikozan,5,10,0,180,135,15,0.3333333333333333
Rikio,54,51,15,190.6875,149.25,120,0.45
Roho,182,160,18,193.92,146.78,360,0.5055555555555555
Ryoga,4,11,0,176.4,131.5,15,0.26666666666666666
Ryogoku,217,252,11,184.5,170.40625,480,0.45208333333333334
Ryuden,162,183,15,191.41666666666666,145.875,360,0.45
Ryuho,4,11,0,183,149,15,0.26666666666666666
Ryuko,240,262,25,186.08333333333334,124.61111111111111,527,0.45540796963946867
Ryukozan,9,6,15,185.5,160.2,30,0.3
Ryuo,206,274,0,176.7375,127.51875,480,0.42916666666666664
Sadanofuji,137,193,0,189,191.29545454545453,330,0.41515151515151516
Sadanoumi,619,726,5,182.56666666666666,131.7,1350,0.4585185185185185
Sadanoyama,435,164,61,182.04545454545453,128.02272727272728,660,0.6590909090909091
Saganobori,5,10,0,190,117,15,0.3333333333333333
Sagatsukasa,33,50,7,165.83333333333334,130.63333333333333,90,0.36666666666666664
Saisu,76,104,0,187.83333333333334,129,180,0.4222222222222222
Sakahoko,416,468,31,180.88524590163934,122.73770491803279,915,0.4546448087431694
Sakaizawa,3,5,7,189,162.5,15,0.2
Sasshunada,129,156,0,182.42105263157896,148.78947368421052,285,0.45263157894736844
Satoyama,31,59,0,177,120.23333333333333,90,0.34444444444444444
Sawahikari,39,51,15,173,105,105,0.37142857142857144
Seiro,20,37,3,185,131.2,60,0.3333333333333333
Sentoryu,19,26,0,176,141.5,45,0.4222222222222222
Shikishima,175,228,17,183.48214285714286,183.08928571428572,420,0.4166666666666667
Shimanishiki,89,115,6,174,135,210,0.4238095238095238
Shimanoumi,133,163,4,178.45,160.44,300,0.44333333333333336
Shimizugawa,65,82,3,176,115,150,0.43333333333333335
Shimootori,1,1,13,188,146,15,0.06666666666666667
Shimotori,230,272,38,188.41666666666666,146.53333333333333,540,0.42592592592592593
Shinkawa,6,9,0,178,98,15,0.4
Shinko,50,70,0,188,133.625,120,0.4166666666666667
Shinoburyu,21,24,0,172,120,45,0.4666666666666667
Shinobuyama,136,153,11,177,109,300,0.4533333333333333
Shionishiki,183,222,0,183,110,405,0.45185185185185184
Shiratayama,88,122,0,184.71428571428572,100,210,0.41904761904761906
Shishiho,62,94,9,189.1818181818182,120.45454545454545,165,0.37575757575757573
Shodai,335,300,10,182.65116279069767,156.51162790697674,645,0.5193798449612403
Shohozan,343,407,0,177,134.762,750,0.4573333333333333
Shotenro,164,196,15,188.76,152.96,375,0.43733333333333335
Shunketsu,10,20,0,177,121,30,0.3333333333333333
Sokokurai,170,190,15,185,131.16,375,0.4533333333333333
Sotairyu,4,11,0,179,119,15,0.26666666666666666
Tachihikari,7,8,0,195,152,15,0.4666666666666667
Tachikaze,4,11,0,175,90,15,0.26666666666666666
Tagaryu,321,407,7,177,136.30612244897958,735,0.43673469387755104
Taiga,64,71,0,178,140,135,0.4740740740740741
Taiho,746,144,136,187,131.2608695652174,1026,0.7270955165692008
Taiko,24,36,0,174.375,126,60,0.4
Takagenji,16,29,0,186,126.2,45,0.35555555555555557
Takahanada,135,90,0,185.46666666666667,125.86666666666666,225,0.6
Takakeisho,309,180,66,173.75675675675674,161.86486486486487,555,0.5567567567567567
Takamisakari,408,446,16,188.18620689655174,136.71724137931034,870,0.4689655172413793
Takamisugi,472,567,26,178.77464788732394,150.91549295774647,1065,0.4431924882629108
Takamiyama,683,750,22,191.34742268041236,173.50515463917526,1455,0.46941580756013745
Takanishiki,65,70,15,168,152,150,0.43333333333333335
Takanofuji,212,281,2,191.6060606060606,138,495,0.42828282828282827
Takanohama,71,79,0,188.2,182.9,150,0.47333333333333333
Takanohana,1129,510,252,184.03937007874015,127.02362204724409,1891,0.5970386039132733
Takanoiwa,130,152,18,181,145.5,300,0.43333333333333335
Takanomine,4,11,0,184,102,15,0.26666666666666666
Takanonami,647,473,8,196.12894736842105,164.1184210526316,1128,0.5735815602836879
Takanosato,464,313,80,180.9051724137931,135.18965517241378,857,0.5414235705950992
Takanosho,166,156,8,183.0909090909091,150.45454545454547,330,0.503030303030303
Takanotsuru,26,45,4,188,169.48000000000002,75,0.3466666666666667
Takanowaka,229,242,39,190.19117647058823,145.6764705882353,510,0.44901960784313727
Takanoyama,26,49,0,185.4,98.72,75,0.3466666666666667
Takarafuji,469,536,0,185.61194029850745,161.86865671641792,1005,0.4666666666666667
Takatoriki,505,500,0,180.67164179104478,144.13432835820896,1005,0.5024875621890548
Takayasu,515,406,129,186.77142857142857,164.37714285714284,1050,0.49047619047619045
Takekaze,596,678,31,170.7183908045977,143.10689655172413,1305,0.4567049808429119
Tamaarashi,79,93,8,173,116,180,0.4388888888888889
Tamaasuka,54,109,17,184.29166666666666,147.975,180,0.3
Tamahibiki,101,106,3,178,98,210,0.48095238095238096
Tamakairiki,43,75,2,183,140.75,120,0.35833333333333334
Tamakasuga,444,537,24,182.65970149253732,150.8223880597015,1005,0.4417910447761194
Tamakiyama,153,195,12,181.45833333333334,132.20833333333334,360,0.425
Tamanofuji,289,326,0,184.78048780487805,124.48780487804878,615,0.46991869918699186
Tamanonada,7,8,0,187,148.5,15,0.4666666666666667
Tamanoshima,727,634,4,183.45604395604394,144.36043956043957,1365,0.5326007326007326
Tamanoumi,300,184,26,179.8235294117647,123.3529411764706,510,0.5882352941176471
Tamarikido,65,93,7,184.63636363636363,137.6818181818182,165,0.3939393939393939
Tamaryu,195,255,0,191.05,119.6,450,0.43333333333333335
Tamawashi,586,627,2,189.46913580246914,161.0493827160494,1215,0.4823045267489712
Taniarashi,46,59,0,180.85714285714286,124.57142857142857,105,0.4380952380952381
Tatsuhikari,45,75,0,192,188.375,120,0.375
Tenkaiho,38,63,4,183.42857142857142,189.71428571428572,105,0.3619047619047619
Tenryu,108,132,0,183.75,111.75,240,0.45
Tensuiyama,23,37,0,176,123.5,60,0.38333333333333336
Terao,626,753,16,185.18279569892474,113.11290322580645,1395,0.44874551971326165
Terunofuji,336,189,105,191.66666666666666,163.33333333333334,630,0.5333333333333333
Terunoyama,59,76,0,180.5,138.11111111111111,135,0.43703703703703706
Terutsuyoshi,154,191,0,169,112.95652173913044,345,0.4463768115942029
Teruzakura,34,41,0,183.5,112.4,75,0.4533333333333333
Tobizaru,132,136,2,174.77777777777777,126.33333333333333,270,0.4888888888888889
Tochiakagi,234,252,39,180.31428571428572,133.42857142857142,525,0.44571428571428573
Tochiazuma,887,744,189,178.13333333333333,129.32845528455286,1820,0.48736263736263735
Tochifuji,64,101,0,185.36363636363637,139.0909090909091,165,0.3878787878787879
Tochihikari,655,639,11,179.08045977011494,133,1305,0.5019157088122606
Tochiisami,64,85,16,176,115.27272727272727,165,0.3878787878787879
Tochimatoi,7,23,0,178.7,171,30,0.23333333333333334
Tochinishiki,218,51,31,177,132,300,0.7266666666666667
Tochinofuji,12,18,0,177.5,181.25,30,0.4
Tochinohana,155,194,11,184.4375,144.42083333333332,360,0.4305555555555556
Tochinonada,556,628,31,187.1358024691358,162.02469135802468,1215,0.4576131687242798
Tochinoshin,550,567,68,191.81012658227849,161.93291139240506,1185,0.4641350210970464
Tochinoumi,303,163,104,177,109.92105263157895,570,0.531578947368421
Tochinowaka,631,747,32,191.11702127659575,157.43617021276594,1410,0.4475177304964539
Tochioyama,223,273,29,174.0142857142857,109.65714285714286,525,0.4247619047619048
Tochiozan,565,556,19,188.75,151.16315789473686,1140,0.4956140350877193
Tochisakae,149,188,53,184.03846153846155,153.6769230769231,390,0.382051282051282
Tochitsukasa,206,249,25,180,145.90625,480,0.42916666666666664
Tochitsurugi,186,234,0,170.25,112.53571428571429,420,0.44285714285714284
Toda,166,179,0,177,127.47826086956522,345,0.4811594202898551
Togashi,25,20,0,188,139,45,0.5555555555555556
Toki,249,303,18,189.43421052631578,170.2736842105263,570,0.4368421052631579
Tokibayama,237,301,2,178.0027777777778,123.75,540,0.4388888888888889
Tokinishiki,105,120,15,193,117,240,0.4375
Tokitenku,431,494,20,186.20634920634922,143.36825396825398,945,0.4560846560846561
Tokitsunada,127,155,3,187.8421052631579,175.42105263157896,285,0.4456140350877193
Tokitsuumi,322,385,43,184.22,132.122,750,0.42933333333333334
Tokitsuyama,169,176,15,182,137,360,0.46944444444444444
Tokusegawa,48,42,0,189.57142857142858,155.94285714285715,90,0.5333333333333333
Tokushoryu,222,273,0,182,171.25454545454545,495,0.4484848484848485
Tomoefuji,112,117,26,191.47058823529412,147.11764705882354,255,0.4392156862745098
Tomokaze,35,28,12,183,168,75,0.4666666666666667
Tomonohana,104,121,15,173.625,113.3125,240,0.43333333333333335
Toryu,330,402,18,179.32,149.72,750,0.44
Tosanoumi,569,615,16,186.15,153.825,1200,0.4741666666666667
Tosayutaka,90,111,24,178.73333333333332,140.20000000000002,225,0.4
Towanoyama,0,1,14,192,202,15,0
Toyohibiki,347,403,30,184.75,176.29038461538462,780,0.44487179487179485
Toyokuni,249,293,13,176.09459459459458,130.05405405405406,555,0.4486486486486487
Toyonoshima,493,524,48,169.61971830985917,141.7718309859155,1065,0.4629107981220657
Toyonoumi,150,180,0,188.5,186.4090909090909,330,0.45454545454545453
Toyozakura,97,158,0,182.5,137.14117647058825,255,0.3803921568627451
Tsunenishiki,166,223,1,174,108,390,0.42564102564102563
Tsunenoyama,29,46,0,182,116,75,0.38666666666666666
Tsurugamine,440,483,22,177,113.92063492063492,945,0.4656084656084656
Tsurugidake,4,11,0,180,161.5,15,0.26666666666666666
Tsurugisho,96,117,12,182.66666666666666,178.66666666666666,225,0.4266666666666667
Udagawa,207,258,0,179,110,465,0.44516129032258067
Ura,117,110,28,174.11764705882354,129.23529411764707,255,0.4588235294117647
Ushiomaru,68,92,20,176.29166666666666,167.08333333333334,180,0.37777777777777777
Wajima,620,213,85,184.48548387096776,122.66129032258064,918,0.6753812636165577
Wakabayama,114,134,7,173,94,255,0.4470588235294118
Wakachichibu,367,398,0,175,149.05882352941177,765,0.4797385620915033
Wakafutase,238,302,0,176.07222222222222,143.41666666666666,540,0.44074074074074077
Wakahaguro,363,336,36,176,150,735,0.49387755102040815
Wakahanada,129,104,7,179.5,118.125,240,0.5375
Wakajishi,200,262,3,174.24193548387098,122.51612903225806,465,0.43010752688172044
Wakakirin,20,25,0,185.83333333333334,127.8,45,0.4444444444444444
Wakakoma,18,27,0,170,83,45,0.4
Wakakosho,13,17,0,184.5,176,30,0.43333333333333335
Wakakoyu,89,106,15,179.14285714285714,167.68571428571428,210,0.4238095238095238
Wakamaeda,282,315,3,174,129,600,0.47
Wakamisugi,432,313,5,187.43,123.52,750,0.576
Wakamiyama,173,220,12,177,172.44444444444446,405,0.4271604938271605
Wakamotoharu,83,52,0,187,143,135,0.6148148148148148
Wakanami,351,429,0,178.09615384615384,99.63461538461539,780,0.45
Wakanaruto,134,166,0,182,112.5,300,0.44666666666666666
Wakanofuji,62,76,12,189.55,141.2,150,0.41333333333333333
Wakanohana,940,320,252,181.1813725490196,120.70098039215686,1512,0.6216931216931217
Wakanoho,39,36,0,195,154.4,75,0.52
Wakanojo,78,102,0,192.16666666666666,152.91666666666666,180,0.43333333333333335
Wakanokuni,139,201,5,181,124.73913043478261,345,0.4028985507246377
Wakanosato,613,568,124,184.55172413793105,155.92758620689656,1305,0.4697318007662835
Wakanoshima,71,94,0,174,136.0909090909091,165,0.4303030303030303
Wakanoumi,379,434,27,171.48035714285714,117.60714285714286,840,0.4511904761904762
Wakanoyama,204,254,22,177.5625,160,480,0.425
Wakasegawa,300,350,25,185.51111111111112,138.0222222222222,675,0.4444444444444444
Wakashimazu,356,219,13,187.5775,119.55,588,0.6054421768707483
Wakashoyo,144,185,16,180.91304347826087,162.7391304347826,345,0.41739130434782606
Wakasugiyama,128,187,0,177,120,315,0.40634920634920635
Wakatakakage,154,105,41,180,124.8,300,0.5133333333333333
Wakatenryu,195,238,2,175,104.65517241379311,435,0.4482758620689655
Wakatoba,39,66,0,175.78571428571428,136.14285714285714,105,0.37142857142857144
Wakatsutomu,17,28,0,172,159.5,45,0.37777777777777777
Wakayoshiba,22,32,6,177,86.5,60,0.36666666666666664
Washuyama,319,353,63,174.6122448979592,106.36734693877551,735,0.4340136054421769
Yago,33,42,0,187,172,75,0.44
Yamamotoyama,29,41,5,190,248.5,75,0.38666666666666666
Yamato,42,48,15,189.34285714285713,189.42857142857142,105,0.4
Yasome,63,87,0,172,93,150,0.42
Yoshiazuma,11,34,0,197.66666666666666,168.53333333333333,45,0.24444444444444444
Yoshibanada,24,36,0,189,113,60,0.4
Yoshibayama,41,30,19,179,143,90,0.45555555555555555
Yoshiiyama,23,31,6,182,92,60,0.38333333333333336
Yoshikaze,550,596,24,176.0448717948718,136.87564102564104,1170,0.4700854700854701
Yoshinohana,234,298,8,188.92777777777778,170.25,540,0.43333333333333335
Yoshinomine,110,172,18,173,96,300,0.36666666666666664
Yoshinotani,48,57,0,176,97,105,0.45714285714285713
Yoshioyama,99,141,0,184.28125,129.6875,240,0.4125
Yotsukasa,49,59,12,177.5625,151.1125,120,0.4083333333333333
Yutakayama,863,831,16,186.84561403508772,140.31578947368422,1710,0.5046783625730994
Zaonishiki,139,191,0,182.8181818181818,135.86363636363637,330,0.4212121212121212
