Name,G,ST,MIN,T,TA,GLS,GK%,FG,PTS,R,RM,LB,TB,OFF,K,KM,TCK,MT,ERR,PEN,SB,SO
1H. Farnworth(BRI),17,17,"1,337",10,1,0,-,0,40,274,"2,600",8,71,18,7,85,197,16,15,7,2,0
1M. Feagai(STI),17,17,"1,360",4,1,0,-,0,16,213,"1,686",6,37,2,1,14,78,46,14,2,0,0
1J. Granville(NQL),17,7,747,0,1,0,-,0,0,78,610,1,7,1,1,7,424,38,2,5,0,0
1E. Guler(CBR),17,2,703,1,0,0,-,0,4,153,"1,275",1,10,12,0,0,438,29,4,3,0,0
1C. Hess(NQL),17,17,892,1,1,0,-,0,4,124,"1,126",1,18,15,1,32,449,32,3,8,2,0
1K. Staggs(BRI),17,17,"1,337",8,2,0,0,0,32,199,"1,773",5,45,12,7,73,225,53,17,3,0,0
1T. Starling(CBR),17,1,660,2,5,0,-,0,8,60,543,0,10,1,3,10,426,26,3,4,1,0
1M. Taupau(BRI),17,0,465,0,0,0,-,0,0,129,"1,145",0,30,12,0,0,249,23,3,7,0,0
1M. Timoko(CBR),17,17,"1,364",8,3,0,-,0,32,230,"2,513",9,73,15,1,4,198,32,12,6,0,0
1C. Townsend(NQL),17,17,"1,344",2,13,5,71,3,21,44,305,1,5,4,249,"7,705",299,54,13,11,0,0
1B. Walters(BRI),17,17,848,1,2,0,-,0,4,75,663,4,27,9,14,464,415,35,5,6,0,0
12B. Afoa(WAR),16,12,483,1,0,0,-,0,4,100,844,1,8,0,0,0,328,10,2,3,0,0
12E. Aitken(DOL),16,15,"1,222",3,5,0,-,0,12,222,"1,695",5,44,9,1,13,239,19,6,4,0,0
12P. Alamoti(CBY),16,16,"1,285",1,3,1,100,0,6,217,"1,687",1,30,17,2,46,174,43,14,6,0,0
12T. Ale(WAR),16,0,390,1,0,0,-,0,4,118,"1,020",1,13,1,0,0,221,12,3,1,0,0
12J. Averillo(CBY),16,16,"1,273",7,3,0,-,0,28,132,"1,340",8,28,9,4,34,177,37,9,2,0,0
12B. Best(NEW),16,16,"1,291",8,6,0,-,0,32,214,"2,079",6,37,14,1,11,205,35,14,1,0,0
12B. Brailey(CRO),16,16,"1,252",1,6,0,-,0,4,59,660,2,16,7,6,145,622,46,7,7,0,0
12E. Bullemor(MAN),16,4,740,0,1,0,-,0,0,175,"1,475",1,24,4,1,10,332,25,2,3,0,0
12P. Carrigan(BRI),16,16,"1,047",0,2,0,-,0,0,219,"2,006",2,24,21,1,5,497,30,6,6,1,0
12B. Cartwright(PAR),16,13,"1,175",3,2,0,-,0,12,176,"1,452",3,17,30,3,61,392,35,8,7,0,0
12D. Cook(SOU),16,16,"1,318",2,7,0,-,0,8,81,858,3,36,6,6,125,671,30,8,5,0,0
12P. Crossland(NEW),16,11,953,5,3,0,-,0,20,29,245,2,7,2,26,734,520,35,10,9,1,0
12T. Dearden(NQL),16,16,"1,294",7,11,0,-,0,28,116,"1,197",9,55,9,40,817,294,41,12,3,0,0
12D. Edwards(PEN),16,16,"1,293",9,5,0,-,0,36,290,"2,914",9,95,9,6,53,79,13,13,1,0,0
12J. Fogarty(CBR),16,16,"1,284",3,12,16,94,2,46,59,608,4,23,1,196,"6,158",339,33,13,7,0,0
12A. Fonua-Blake(WAR),16,16,919,5,2,0,-,0,20,239,"2,311",6,43,18,0,0,410,17,3,5,1,0
12C. Gutherson(PAR),16,16,"1,262",15,13,9,81,0,78,227,"2,108",13,45,19,15,186,71,12,19,5,1,0
12J. Hastings(NEW),16,16,"1,260",3,12,16,57,0,44,60,502,2,12,2,186,"5,831",278,23,14,6,0,0
12J. Hetherington(NEW),16,3,444,0,0,0,-,0,0,98,779,2,8,8,0,0,238,19,1,7,1,0
12J. Hopgood(PAR),16,14,"1,061",3,4,0,-,0,12,214,"1,767",3,20,37,0,0,612,38,9,7,1,0
12C. Horsburgh(CBR),16,11,959,3,1,0,-,0,12,197,"1,546",4,23,19,2,23,512,15,2,9,1,0
12L. Ilias(SOU),16,17,"1,362",3,9,0,-,1,13,52,436,3,23,6,163,"4,746",314,34,20,4,0,0
12J. Isaako(DOL),16,16,"1,284",14,3,52,76,0,160,245,"2,385",20,70,8,2,26,69,21,16,4,0,0
12S. Johnson(WAR),16,16,"1,268",6,17,49,79,0,122,43,382,7,31,5,279,"8,561",286,22,12,11,0,0
12S. Katoa(CRO),16,16,"1,280",9,1,0,-,0,36,207,"1,696",15,78,7,5,29,42,24,17,4,0,0
12L. Keary(SYD),16,16,"1,225",5,10,3,100,2,28,59,607,7,16,5,143,"3,860",291,36,14,6,0,0
12W. Kennedy(CRO),16,16,"1,280",13,13,0,-,0,52,202,"2,163",11,53,5,14,152,76,24,10,0,0,0
12M. Kenny(PEN),16,16,"1,066",0,2,0,-,0,0,53,411,0,2,2,2,2,549,59,9,9,1,0
12J. Kerr(DOL),16,0,449,0,1,0,-,0,0,146,"1,250",1,13,17,0,0,245,18,3,5,0,0
12J. King(MEL),16,16,"1,065",2,1,0,-,0,8,184,"1,609",1,9,7,0,0,584,32,5,7,0,0
12D. Klemmer(WST),16,16,831,1,0,0,-,0,4,234,"2,083",2,17,15,0,0,343,6,2,4,0,0
12S. Kris(CBR),16,16,"1,215",5,3,0,-,0,20,241,"2,457",6,46,3,0,0,64,17,15,2,0,0
12C. Lemuelu(DOL),16,13,"1,122",4,1,0,-,0,16,156,"1,321",6,20,18,1,22,436,39,8,7,0,0
12T. Loiero(MEL),16,16,"1,270",0,1,0,-,0,0,192,"1,489",0,12,3,0,0,508,47,10,10,0,0
12R. Mahoney(CBY),16,16,"1,219",2,8,0,-,0,8,56,428,2,11,9,52,"1,536",616,81,17,19,0,0
12E. Mam(BRI),16,16,"1,270",8,8,0,-,0,32,114,"1,053",7,30,6,21,349,273,72,15,3,1,0
12M. Montoya(WAR),16,16,"1,265",6,1,0,-,0,24,265,"2,183",11,36,7,0,0,71,34,17,3,0,0
12M. Moylan(CRO),16,16,"1,278",2,14,0,-,0,8,85,704,3,22,5,61,"1,036",276,46,9,12,0,0
12R. Mulitalo(CRO),16,16,"1,280",15,4,0,-,0,60,215,"1,959",21,55,7,3,53,57,14,20,3,0,0
12B. Murdoch-Masila(STI),16,11,968,0,0,0,-,0,0,111,948,2,16,5,0,0,306,32,5,7,0,0
12B. Nikora(CRO),16,16,"1,257",7,5,0,-,0,28,165,"1,405",13,35,15,7,102,537,36,8,7,1,0
12H. Olakau'atu(MAN),16,16,"1,282",6,1,0,-,0,24,183,"1,745",5,50,8,4,40,416,41,9,8,1,0
12T. Paseka(MAN),16,16,812,0,1,0,-,0,0,238,"2,154",2,29,16,0,0,397,21,12,5,0,0
12W. Penisini(PAR),16,16,"1,267",7,4,0,-,0,28,197,"1,876",10,42,22,11,130,255,30,12,2,1,0
12H. Perham(CBY),16,16,"1,285",3,5,0,-,0,12,257,"2,197",7,48,14,8,50,59,15,17,1,0,0
12A. Pompey(WAR),16,16,"1,280",2,3,2,100,0,12,183,"1,518",2,36,15,2,24,197,28,13,8,0,0
12J. Preston(CBY),16,15,"1,215",5,0,0,-,0,20,151,"1,313",8,26,3,2,2,561,28,11,7,1,0
12J. Ramien(CRO),16,16,"1,280",8,0,0,-,0,32,217,"2,010",5,41,17,1,5,183,27,11,8,0,0
12A. Reynolds(BRI),16,16,"1,217",2,16,52,73,3,116,38,330,3,18,3,234,"6,891",239,28,18,3,0,0
12J. Riki(BRI),16,16,"1,236",5,0,0,-,0,20,125,"1,094",3,22,1,0,0,500,39,3,11,0,0
12R. Robson(NQL),16,16,"1,273",2,2,0,-,0,8,91,"1,002",3,26,8,8,22,629,47,5,9,0,0
12P. Saulo(CBR),16,5,485,0,0,0,-,0,0,95,786,1,6,4,0,0,313,11,2,1,0,0
12M. Sivo(PAR),16,16,"1,287",16,1,0,-,0,64,211,"1,834",19,48,8,7,48,42,19,19,6,0,0
12T. Sloan(STI),16,16,"1,280",6,9,0,-,0,24,165,"1,481",10,56,17,11,129,68,22,16,6,0,0
12R. Smith(MEL),16,16,"1,270",3,3,0,-,0,12,149,"1,330",2,30,3,1,14,205,26,6,5,0,0
12M. Suli(STI),16,16,"1,243",2,4,0,-,0,8,196,"1,919",5,48,9,2,50,173,21,21,2,0,0
12J. Tapine(CBR),16,16,901,1,0,0,-,0,4,229,"2,360",1,40,16,1,7,498,19,5,7,0,0
12I. Tass(SOU),16,16,"1,282",6,6,0,-,0,24,230,"1,876",6,28,5,6,52,224,27,12,3,0,0
12L. Thompson(NEW),16,15,746,0,0,0,-,0,0,151,"1,175",0,25,3,0,0,449,35,2,0,0,0
12S. Turuva(PEN),16,16,"1,274",5,1,0,-,0,20,258,"2,415",4,70,1,8,103,81,15,8,2,0,0
12W. Warbrick(MEL),16,16,"1,253",11,1,0,-,0,44,214,"1,948",13,37,4,0,0,65,23,15,0,0,0
12T. Wilton(CRO),16,16,"1,255",6,0,0,-,0,24,200,"1,648",5,27,2,0,0,534,45,14,2,0,0
12H. Young(CBR),16,16,"1,263",6,1,0,-,0,24,193,"1,403",4,26,30,7,59,420,46,6,13,3,0
75T. Boyd(GLD),15,15,"1,181",1,9,55,79,0,114,40,296,0,9,3,213,"6,819",283,36,20,5,0,0
75K. Bromwich(DOL),15,15,909,0,0,0,-,0,0,151,"1,147",0,10,8,0,0,436,22,2,3,1,0
75M. Burton(CBY),15,15,"1,205",4,12,30,76,1,77,84,872,5,35,11,180,"5,707",224,38,16,12,0,0
75J. Campbell(GLD),15,7,789,3,2,0,-,0,12,128,"1,251",5,37,4,14,318,119,18,10,2,0,0
75K. Capewell(BRI),15,15,"1,128",4,2,0,-,0,16,128,"1,010",3,18,6,0,0,433,59,8,9,0,0
75S. Cobbo(BRI),15,15,"1,200",14,0,0,-,0,56,222,"2,125",11,66,8,5,48,69,24,22,5,0,0
75L. Collins(SYD),15,15,819,1,0,0,-,0,4,180,"1,621",1,17,7,3,22,453,33,2,2,0,0
75L. Croker(MAN),15,15,"1,028",4,1,0,-,0,16,42,363,4,11,9,20,658,503,46,7,4,0,0
75M. Fotuaika(GLD),15,13,912,0,0,0,-,0,0,222,"2,115",0,23,12,0,0,445,22,5,5,0,0
75B. Garlick(MEL),15,1,365,1,0,0,-,0,4,63,473,1,8,4,0,0,232,16,5,1,0,0
75R. Garrick(MAN),15,15,"1,159",9,5,49,81,0,134,222,"1,916",17,55,11,7,85,73,26,11,3,0,0
75C. Graham(SOU),15,15,"1,202",14,5,0,-,0,56,200,"1,895",17,49,7,3,28,235,41,13,3,0,0
75H. Grant(MEL),15,15,"1,179",5,7,0,-,0,20,88,793,4,28,13,48,"1,080",619,57,21,12,0,0
75P. Haas(BRI),15,15,888,1,0,0,-,0,4,266,"2,466",2,67,33,0,0,356,5,2,3,0,0
75P. Hiku(NQL),15,15,"1,191",0,4,0,-,0,0,221,"1,866",4,31,9,4,54,213,38,11,9,0,0
75V. Holmes(NQL),15,15,"1,205",8,5,59,81,1,152,229,"2,299",12,64,3,7,50,103,28,25,4,0,0
75A. Hopoate(CBR),15,15,"1,204",8,0,0,-,0,32,262,"2,189",7,43,2,1,15,60,23,8,3,0,0
75B. Hunt(STI),15,15,"1,200",6,14,0,-,0,24,75,649,5,36,20,180,"5,173",244,49,17,7,0,0
75C. Jensen(BRI),15,4,523,0,0,0,-,0,0,156,"1,385",0,8,0,0,0,293,12,2,3,0,0
75A. Johnston(SOU),15,16,"1,276",14,0,0,-,0,56,180,"1,615",23,49,7,5,29,62,11,13,2,0,0
75I. Katoa(DOL),15,15,"1,129",1,7,0,-,0,4,50,331,1,10,3,126,"3,969",245,52,9,1,0,0
75M. King(CBY),15,13,797,0,0,0,-,0,0,166,"1,452",1,11,6,0,0,508,33,6,3,0,0
75B. Lawrie(STI),15,14,773,2,0,0,-,0,8,205,"1,542",2,26,5,0,0,400,32,0,7,0,0
75M. Leota(PEN),15,15,617,1,0,0,-,0,4,174,"1,501",1,24,11,0,0,314,23,6,7,0,0
75J. Liddle(STI),15,9,786,3,4,0,-,0,12,56,613,6,22,5,1,37,424,35,3,4,0,0
75I. Liu(GLD),15,15,779,1,2,0,-,0,4,109,988,1,11,0,0,0,341,21,10,5,0,0
75Z. Lomax(STI),15,15,"1,200",5,3,46,66,0,112,221,"1,778",3,27,3,8,111,221,31,18,6,0,0
75J. McLean(NQL),15,15,690,1,0,0,-,0,4,162,"1,397",1,8,1,1,2,346,11,2,4,0,0
75N. Meaney(MEL),15,15,"1,182",8,7,55,79,0,142,189,"1,869",6,44,10,3,68,66,11,10,0,0,0
75I. Papali'i(WST),15,15,"1,160",1,0,0,-,0,4,184,"1,584",2,40,12,1,19,432,28,10,5,0,0
75F. Pole(WST),15,11,757,2,0,0,-,0,8,142,"1,231",1,15,4,1,0,318,14,7,6,0,0
75D. Saifiti(NEW),15,14,764,0,1,0,-,0,0,188,"1,786",0,9,7,0,0,310,26,2,2,0,0
75S. Sorensen(PEN),15,12,947,3,4,0,-,0,12,178,"1,443",7,20,23,2,22,408,23,4,3,0,0
75J. Stimson(GLD),15,15,987,1,0,0,-,0,4,88,615,2,14,0,0,0,430,51,5,6,0,0
75J. Taunoa-Brown(NQL),15,1,426,0,0,0,-,0,0,96,849,0,5,0,0,0,259,10,1,3,0,0
75A. Twal(WST),15,2,669,1,0,0,-,0,4,163,"1,376",0,18,10,0,0,429,7,3,5,1,0
75S. Utoikamanu(WST),15,14,700,2,0,0,-,0,8,166,"1,457",2,27,5,0,0,343,21,7,8,0,0
75C. Waddell(CBY),15,8,833,2,0,0,-,0,8,176,"1,341",1,15,4,2,12,376,49,9,5,1,0
75C. Walker(SOU),15,16,"1,282",8,20,0,-,0,32,71,585,9,31,12,118,"3,260",297,42,17,5,0,0
75C. Welch(MEL),15,15,754,0,0,0,-,0,0,183,"1,448",0,13,22,0,0,446,43,5,8,1,0
75E. Whitehead(CBR),15,15,"1,101",2,0,0,-,0,8,119,888,2,12,14,0,0,474,50,8,6,0,0
75J. Wighton(CBR),15,15,"1,194",6,7,0,-,0,24,92,773,5,30,10,86,"2,709",245,42,26,9,1,0
75J. Williams(CRO),15,0,414,1,0,0,-,0,4,123,"1,161",3,25,3,0,0,268,12,5,5,0,0
75D. Young(NEW),15,15,"1,201",16,2,0,-,0,64,193,"1,860",18,52,6,4,76,31,20,22,1,1,0
119J. Aloiai(MAN),14,10,573,0,0,0,-,0,0,147,"1,252",0,15,0,0,0,283,6,7,4,0,0
119J. Bromwich(DOL),14,14,651,1,0,0,-,0,4,136,"1,200",1,8,7,0,0,344,31,3,5,0,0
119E. Butcher(SYD),14,14,"1,011",1,1,0,-,0,4,122,876,2,14,4,2,17,497,34,12,5,1,0
119N. Butcher(SYD),14,13,"1,085",2,2,0,-,0,8,123,981,2,12,5,0,0,623,23,9,9,1,0
119D. Cherry-Evans(MAN),14,14,"1,127",7,16,7,87,1,43,88,817,2,32,9,210,"6,357",252,24,15,4,0,0
119E. Clark(GLD),14,1,488,0,0,0,-,0,0,82,809,1,12,4,0,0,244,18,1,3,0,0
119X. Coates(MEL),14,14,"1,100",9,2,0,-,0,36,162,"1,478",9,28,2,11,106,43,18,13,3,0,0
119S. Crichton(PEN),14,14,"1,114",8,3,20,83,0,72,157,"1,500",5,42,3,7,63,196,25,11,7,1,0
119M. Croker(NEW),14,3,485,2,0,0,-,0,8,107,876,0,5,2,0,0,276,13,3,1,0,0
119S. Drinkwater(NQL),14,14,"1,109",7,21,0,-,1,29,185,"1,707",9,60,14,58,"1,572",87,20,18,8,1,0
119T. Fa'asuamaleaui(GLD),14,13,864,5,1,0,-,0,20,224,"2,003",5,26,23,0,0,448,32,10,12,1,0
119K. Feldt(NQL),14,14,"1,134",10,1,0,0,0,40,220,"1,936",10,35,4,8,140,85,31,11,7,0,0
119D. Fifita(GLD),14,13,"1,049",6,8,0,-,0,24,210,"1,950",7,66,28,6,103,354,32,7,5,0,0
119L. Fitzgibbon(NEW),14,14,"1,036",4,2,0,-,0,16,133,"1,059",7,27,9,0,0,423,21,10,10,1,0
119T. Flegler(BRI),14,12,623,1,0,0,-,0,4,158,"1,405",1,21,9,0,0,296,27,6,4,1,0
119J. Ford(WAR),14,14,983,3,0,0,-,0,12,150,"1,175",5,27,6,0,0,439,54,13,11,1,0
119D. Gagai(NEW),14,14,"1,131",2,7,0,-,0,8,240,"2,072",5,78,21,4,48,229,47,20,10,0,0
119T. Gamble(NEW),14,10,932,2,8,0,-,1,9,60,545,3,14,7,48,"1,353",258,44,13,5,0,0
119J. Hughes(MEL),14,14,"1,124",4,13,0,-,0,16,102,850,4,35,6,132,"3,754",212,27,8,6,0,0
119D. Hutchison(SYD),14,5,630,2,1,0,-,0,8,60,447,3,8,4,16,572,193,22,2,5,0,0
119O. Kaufusi(CRO),14,9,574,0,0,0,-,0,0,130,"1,157",0,13,7,0,0,252,22,4,3,0,0
119A. Kepaoa(WST),14,9,811,3,0,0,-,0,12,106,927,2,26,8,1,25,171,23,8,5,0,0
119S. Keppie(MAN),14,6,580,1,0,0,-,0,4,131,"1,135",1,19,4,0,0,320,32,7,3,1,0
119A. Khan-Pereira(GLD),14,14,"1,120",15,2,0,-,0,60,147,"1,543",18,31,0,8,67,50,14,24,3,0,0
119J. Luai(PEN),14,14,"1,124",1,12,0,-,0,4,102,796,5,55,14,38,789,225,29,14,12,0,0
119M. Makatoa(PAR),14,0,437,1,0,0,-,0,4,128,"1,095",0,5,0,1,11,229,12,2,3,0,0
119M. Mbye(STI),14,7,470,0,1,1,100,0,2,35,289,1,6,3,10,290,250,27,0,5,0,0
119C. McInnes(CRO),14,6,657,1,1,0,-,0,4,140,"1,083",2,20,6,0,0,409,14,9,4,0,0
119M. Moses(PAR),14,14,"1,121",5,14,58,81,2,138,63,783,10,31,6,198,"6,519",210,30,14,5,0,0
119C. Murray(SOU),14,14,976,2,2,0,-,0,8,133,"1,064",3,21,11,2,15,556,25,10,18,1,0
119C. Nicoll-Klokstad(WAR),14,14,"1,054",3,11,0,-,0,12,259,"2,293",5,56,9,0,0,69,9,10,2,0,0
119C. Paix(BRI),14,0,443,2,0,0,-,0,8,23,202,2,4,2,1,4,262,4,2,1,0,0
119M. Ravalawa(STI),14,14,"1,120",13,1,0,-,0,52,195,"1,917",15,49,3,2,20,47,22,15,2,0,0
119J. Salmon(PEN),14,2,540,4,1,0,-,0,16,97,781,5,17,3,7,199,170,23,3,2,0,0
119P. Sami(GLD),14,14,"1,120",8,1,0,-,0,32,226,"2,118",10,71,8,1,16,56,17,7,0,0,0
119J. Simpkin(WST),14,5,413,1,1,0,-,0,4,29,266,1,9,0,2,21,243,21,4,3,0,0
119B. Sironen(WAR),14,0,388,1,1,0,-,0,4,42,324,0,3,1,0,0,210,22,1,0,0,0
119R. Stone(DOL),14,6,675,0,1,0,-,0,0,79,603,0,5,0,0,0,435,35,7,6,0,0
119H. Tabuai-Fidow(DOL),14,14,"1,124",14,3,0,-,0,56,176,"1,810",7,47,4,5,101,95,10,14,6,0,0
119S. Talakai(CRO),14,14,"1,120",5,7,1,50,0,22,232,"2,239",8,42,9,5,78,105,26,10,2,0,0
119J. Tedesco(SYD),14,14,"1,064",7,6,0,-,0,28,213,"2,195",8,66,11,13,122,51,12,9,2,0,0
119S. To'a(WST),14,13,"1,049",5,1,0,-,0,20,163,"1,547",8,56,12,10,86,163,23,11,3,0,0
119B. To'o(PEN),14,14,"1,124",9,1,0,-,0,36,269,"2,578",9,59,8,4,24,61,19,13,1,0,0
119J. Tupou(WST),14,14,"1,120",4,1,0,-,0,16,180,"1,654",10,59,13,5,43,38,29,18,2,0,0
119R. Walsh(BRI),14,14,"1,120",4,18,2,66,0,20,170,"1,695",11,71,21,38,"1,043",49,24,32,8,0,0
119I. Yeo(PEN),14,14,"1,108",1,2,0,-,0,4,161,"1,518",2,32,11,1,4,495,14,5,5,0,0
165J. Arthars(BRI),13,12,996,7,1,0,-,0,28,133,"1,227",11,29,0,1,12,46,16,7,0,0,0
165J. Bateman(WST),13,13,980,2,2,0,-,0,8,129,"1,044",1,20,21,6,23,469,25,14,4,0,0
165L. Brooks(WST),13,13,"1,023",1,7,2,100,1,9,100,"1,053",7,32,7,105,"2,975",225,47,12,2,0,0
165D. Brown(PAR),13,13,"1,047",2,16,0,-,0,8,126,"1,262",6,26,15,42,788,298,20,10,3,0,0
165J. Cartwright(SOU),13,1,346,1,1,0,-,0,4,57,561,2,10,3,0,0,160,19,6,3,0,0
165M. Chee Kam(SOU),13,11,966,0,1,0,-,0,0,143,"1,103",0,8,7,1,14,391,25,8,6,1,0
165R. Cotter(NQL),13,8,709,3,0,0,-,0,12,163,"1,291",4,16,1,0,0,385,18,11,2,0,0
165J. Curran(WAR),13,4,645,3,0,0,-,0,12,82,659,4,12,7,1,21,313,29,7,2,0,0
165J. De Belin(STI),13,11,912,1,1,0,-,0,4,121,"1,005",1,12,8,0,0,511,30,2,4,1,0
165T. Frizell(NEW),13,13,934,4,0,0,-,0,16,131,"1,134",3,25,7,0,0,367,15,3,9,0,0
165B. Hamlin-Uele(CRO),13,11,496,1,0,0,-,0,4,125,"1,277",3,28,5,0,0,208,15,7,2,0,0
165B. Hands(PAR),13,4,613,1,2,0,-,0,4,33,339,1,1,0,1,4,300,21,7,2,0,0
165T. Harris(WAR),13,13,910,0,3,0,-,0,0,151,"1,264",0,8,4,0,0,496,25,4,4,0,0
165Z. Hosking(PEN),13,12,848,3,0,0,-,0,12,135,"1,009",3,22,13,1,21,421,16,5,1,0,0
165J. Host(SOU),13,12,730,3,1,0,-,0,12,108,904,3,6,3,0,0,267,25,4,8,0,0
165N. Hynes(CRO),13,13,"1,033",3,19,61,79,1,135,94,983,5,36,17,195,"5,768",219,15,26,4,0,0
165E. Katoa(MEL),13,13,906,1,3,0,-,0,4,147,"1,297",8,29,9,0,0,330,27,8,9,0,0
165J. Kiraz(CBY),13,13,967,4,2,0,-,0,16,240,"1,973",5,41,27,3,23,60,22,10,3,0,0
165A. Koroisau(WST),13,11,830,2,4,2,66,0,12,50,500,2,15,7,12,233,384,46,6,5,0,0
165B. Lee(DOL),13,13,881,0,3,0,-,0,0,121,"1,099",0,14,3,4,68,144,20,6,2,0,0
165S. Leniu(PEN),13,1,445,1,0,0,-,0,4,130,"1,267",1,20,0,0,0,206,18,3,4,1,0
165S. Luke(PEN),13,0,382,1,3,0,-,0,4,33,252,1,6,3,10,79,215,17,6,3,1,0
165J. Manu(SYD),13,13,"1,012",5,2,0,-,0,20,187,"1,586",4,73,18,17,394,234,46,12,10,1,0
165M. Nicholls(DOL),13,1,561,3,0,0,-,0,12,147,"1,262",3,11,1,1,17,317,16,3,4,1,0
165K. Nikorima(DOL),13,11,919,3,11,0,-,0,12,67,654,7,28,7,42,874,171,30,10,6,1,0
165M. Niukore(WAR),13,13,866,1,2,0,-,0,4,137,"1,191",3,21,4,2,40,355,20,5,9,3,0
165J. Okunbor(CBY),13,5,695,2,0,0,-,0,8,83,689,2,12,4,3,65,288,28,5,4,1,0
165C. Randall(GLD),13,10,705,2,1,0,-,0,8,43,400,2,8,2,0,0,367,20,2,3,0,0
165J. Rapana(CBR),13,13,"1,016",7,3,0,-,0,28,164,"1,343",7,41,8,2,19,77,19,15,7,0,0
165H. Sele(SOU),13,11,551,1,0,0,-,0,4,157,"1,465",1,18,2,0,0,291,17,2,3,0,0
165J. Su'a(STI),13,13,969,4,1,0,-,0,16,146,"1,183",3,25,17,0,0,326,40,8,7,0,0
165M. Taulagi(NQL),13,13,990,8,1,0,-,0,32,185,"1,730",14,21,14,2,21,34,20,9,2,1,0
165B. Wakeham(WST),13,12,988,2,5,23,85,0,54,32,301,2,8,2,108,"2,901",277,24,17,12,0,0
165D. Walker(WAR),13,4,796,1,3,0,-,0,4,97,767,1,12,7,9,140,302,24,10,7,1,0
165Z. Woolford(CBR),13,12,629,0,4,0,-,0,0,19,136,0,4,3,10,153,325,4,5,6,0,0
200T. Amone(STI),12,10,826,0,6,0,-,0,0,76,524,1,18,10,38,832,134,37,5,0,0,0
200J. Bird(STI),12,11,839,2,3,1,33,0,10,129,953,0,53,9,6,81,334,34,11,11,0,0
200N. Cleary(PEN),12,12,901,3,11,40,88,5,98,78,622,3,28,12,191,"5,345",219,24,13,4,0,0
200T. Couchman(STI),12,0,389,2,0,0,-,0,8,75,597,2,8,3,0,0,244,18,3,2,0,0
200W. Egan(WAR),12,10,789,5,1,0,-,0,20,53,516,5,11,1,2,3,406,19,4,5,0,0
200H. Ese'ese(DOL),12,5,421,0,0,0,-,0,0,119,"1,099",0,22,15,0,0,200,15,2,4,0,0
200D. Finucane(CRO),12,11,590,0,0,0,-,0,0,123,"1,044",1,5,1,0,0,327,20,4,8,1,0
200J. Fisher-Harris(PEN),12,12,568,0,1,0,-,0,0,147,"1,110",1,18,7,1,5,290,22,1,4,0,0
200K. Foran(GLD),12,12,835,2,5,0,-,0,8,50,365,2,6,4,22,543,210,26,7,6,0,0
200W. Graham(CRO),12,0,307,0,2,0,-,0,0,64,565,0,0,2,0,0,174,14,3,1,1,0
200W. Greig(PAR),12,7,347,1,0,0,-,0,4,117,"1,074",1,10,2,0,0,184,12,4,3,0,0
200J. Hodgson(PAR),12,12,666,1,2,0,-,0,4,14,122,1,4,0,10,246,334,37,7,9,0,0
200R. Hunt(CRO),12,5,344,2,0,0,-,0,8,90,842,2,24,6,0,0,179,12,5,3,1,0
200B. Kelly(GLD),12,12,937,3,5,0,-,0,12,188,"1,562",4,33,22,3,24,162,32,14,8,0,0
200J. Marshall-King(DOL),12,12,905,2,8,0,-,0,8,57,642,4,19,3,2,4,455,31,5,9,1,0
200G. Marzhew(NEW),12,12,971,11,0,0,-,0,44,231,"2,165",15,97,4,2,15,19,15,7,0,0,0
200L. Mitchell(SOU),12,12,962,9,8,41,71,1,119,126,"1,126",3,63,11,21,476,35,6,8,5,0,0
200F. Molo(STI),12,12,596,1,0,0,-,0,4,149,"1,275",0,13,3,0,0,299,17,4,7,1,0
200M. Molo(STI),12,6,396,1,0,0,-,0,4,93,717,1,10,1,0,0,249,9,0,2,0,0
200C. Munster(MEL),12,12,951,6,8,1,50,0,26,130,"1,223",8,45,13,114,"3,207",244,39,7,13,0,0
200J. Ofahengaue(PAR),12,3,394,1,0,0,-,0,4,109,867,1,9,4,0,0,217,13,2,3,0,0
200J. Olam(MEL),12,12,883,4,2,0,-,0,16,156,"1,376",4,27,5,3,42,83,27,8,2,1,0
200J. Papali'i(CBR),12,11,517,1,0,0,-,0,4,148,"1,389",1,25,8,0,0,253,10,1,2,0,0
200B. Parker(MAN),12,12,919,3,1,0,-,0,12,100,851,2,18,2,1,11,155,30,9,5,0,0
200J. Paulo(PAR),12,11,654,2,0,0,-,0,8,162,"1,468",2,27,22,0,0,228,23,4,3,1,0
200V. Radley(SYD),12,12,826,1,1,0,-,0,4,87,679,1,7,0,0,0,462,30,10,8,3,0
200B. Simonsson(PAR),12,12,903,8,2,0,-,0,32,178,"1,512",7,34,11,3,32,90,15,9,4,1,0
200L. Smith(PEN),12,0,457,0,2,0,-,0,0,138,"1,088",0,10,6,0,0,255,16,1,3,0,0
200J. Suaalii(SYD),12,12,960,2,3,16,84,0,40,135,"1,189",4,30,12,0,0,88,18,11,2,0,0
200J. Sullivan(STI),12,10,820,3,3,3,100,0,18,57,428,4,17,5,61,"1,727",192,26,10,2,1,0
200I. Tago(PEN),12,12,973,8,5,0,-,0,32,179,"1,736",9,41,4,6,59,167,27,11,3,0,0
200J. Turpin(SYD),12,8,569,0,0,0,-,0,0,7,52,0,1,2,4,96,389,7,3,2,0,0
200J. Waerea-Hargreaves(SYD),12,10,526,0,1,0,-,0,0,155,"1,285",0,8,3,0,0,274,29,3,3,1,0
233N. Asofa-Solomona(MEL),11,6,555,3,0,0,-,0,12,127,"1,186",6,53,13,0,0,202,26,7,2,0,0
233T. Burgess(SOU),11,6,511,0,0,0,-,0,0,176,"1,566",1,26,3,0,0,216,32,8,1,0,0
233R. Campbell-Gillard(PAR),11,11,585,2,0,0,-,0,8,164,"1,447",2,12,1,0,0,214,19,1,3,0,0
233J. Croker(CBR),11,11,882,2,1,50,87,0,108,80,723,6,17,3,1,22,101,31,5,1,0,0
233R. Faitala-Mariner(CBY),11,9,460,0,0,0,-,0,0,83,744,0,8,2,0,0,253,13,3,4,0,0
233T. Gilbert(DOL),11,11,650,2,1,0,-,0,8,146,"1,162",1,15,2,0,0,368,34,4,5,0,0
233K. Hetherington(BRI),11,2,315,0,0,0,-,0,0,68,602,0,8,1,0,0,188,13,3,3,0,0
233T. Kamikamica(MEL),11,10,504,1,1,0,-,0,4,117,"1,055",0,10,4,0,0,282,14,2,5,1,0
233K. Koloamatangi(SOU),11,12,915,4,1,0,-,0,16,162,"1,425",4,29,9,0,0,328,34,6,3,0,0
233T. Koula(MAN),11,11,869,2,0,0,-,0,8,140,"1,311",2,32,4,2,19,126,33,10,2,1,0
233L. Miller(NEW),11,11,891,2,6,23,69,0,54,201,"1,666",4,58,6,6,60,37,14,19,6,0,0
233G. Neame(NQL),11,2,545,0,0,0,-,0,0,126,"1,133",0,11,1,0,0,272,29,3,3,0,0
233D. Nofoaluma(WST),11,11,852,4,0,0,-,0,16,163,"1,301",5,44,19,2,9,59,16,9,1,0,0
233J. Paulo(SYD),11,11,880,6,1,0,-,0,24,164,"1,463",8,20,2,5,67,34,14,8,2,0,0
233K. Ponga(NEW),11,10,753,4,11,11,100,0,38,105,"1,064",9,50,9,30,849,77,24,10,4,0,0
233J. Saab(MAN),11,11,880,6,2,0,-,0,24,105,"1,138",9,17,3,2,41,59,19,13,3,0,0
233J. Saifiti(NEW),11,3,463,0,0,0,-,0,0,129,"1,145",0,4,1,0,0,236,15,4,3,0,1
233A. Schoupp(GLD),11,11,880,2,0,0,0,0,8,137,"1,188",1,28,7,0,0,127,23,7,4,0,0
233B. Smith(SYD),11,8,608,2,2,0,-,0,8,48,475,3,22,5,13,481,287,41,8,4,1,0
233T. Tatola(SOU),11,11,515,0,0,0,-,0,0,146,"1,346",0,7,0,0,0,274,16,3,1,0,0
233T. Trbojevic(MAN),11,11,879,10,7,0,-,0,40,180,"1,762",8,40,14,3,41,36,14,17,2,0,0
233D. Tupou(SYD),11,11,849,4,1,0,-,0,16,199,"1,902",3,19,7,0,0,51,12,9,0,0,0
233J. Wallace(DOL),11,3,425,2,1,0,-,0,8,108,889,2,9,23,0,0,212,22,7,5,0,0
256J. Addo-Carr(CBY),10,10,735,8,1,0,-,0,32,98,"1,075",8,33,5,9,153,45,13,5,1,0,0
256J. Bula(WST),10,10,800,3,4,0,-,0,12,175,"1,553",5,38,13,2,22,50,9,10,1,0,0
256M. Doorey(PAR),10,4,421,1,0,0,-,0,4,65,534,1,12,1,0,0,143,11,0,1,0,0
256T. Hazelton(CRO),10,0,183,2,0,0,-,0,8,72,683,4,11,1,0,0,120,8,1,1,0,0
256E. Kosi(WAR),10,10,750,5,0,0,-,0,20,124,"1,070",4,12,2,0,0,33,16,6,1,0,0
256K. Lawton(MAN),10,1,272,0,0,0,-,0,0,28,234,0,5,3,2,9,152,2,5,3,0,0
256K. Mann(NEW),10,4,433,2,1,0,-,0,8,59,490,2,11,4,0,0,259,20,1,0,0,0
256R. Matterson(PAR),10,6,650,0,3,0,-,0,0,140,"1,268",1,16,10,3,15,313,16,3,3,0,0
256D. Moale(SOU),10,2,317,0,0,0,-,0,0,98,791,0,5,0,0,0,163,4,0,2,0,0
256J. Nanai(NQL),10,9,740,5,0,0,-,0,20,104,934,4,24,11,0,0,249,32,5,5,2,0
256T. Niu(DOL),10,10,800,5,0,0,-,0,20,159,"1,278",7,25,6,2,35,23,16,11,1,0,0
256K. Palasia(BRI),10,3,318,0,0,0,-,0,0,80,661,0,8,1,0,0,162,9,6,0,0,0
256T. Pangai Jnr(CBY),10,10,464,1,0,0,-,0,4,127,"1,074",0,10,20,0,0,204,31,8,3,0,0
256D. Suluka-Fifita(SOU),10,1,246,0,0,0,-,0,0,90,799,0,4,0,0,0,145,15,0,3,0,0
256R. Sutton(CBY),10,7,401,0,0,0,-,0,0,81,616,0,5,0,0,0,277,21,4,7,0,0
256T. Talau(WST),10,8,605,1,1,0,-,0,4,84,670,2,17,1,0,0,79,23,8,0,0,0
256J. Trbojevic(MAN),10,10,770,0,0,0,-,0,0,108,779,0,4,0,1,6,381,15,3,5,0,0
256K. Tuilagi(MAN),10,10,630,1,1,0,-,0,4,81,659,1,11,9,0,0,200,29,5,4,0,0
256D. Watene-Zelezniak(WAR),10,10,787,12,1,0,-,0,48,155,"1,470",13,43,6,3,27,28,18,9,1,0,0
275C. Allan(SYD),9,8,672,1,1,0,-,0,4,96,781,7,18,2,2,52,77,13,7,0,0,0
275S. Blore(WST),9,4,445,1,0,0,-,0,4,65,593,3,12,20,1,8,193,9,3,1,0,0
275A. Brimson(GLD),9,9,619,2,9,0,-,0,8,93,"1,002",5,32,1,9,56,39,6,10,0,0,0
275A. Crichton(SYD),9,3,428,1,0,0,-,0,4,89,641,1,14,5,0,0,203,16,8,3,0,0
275J. Fifita(GLD),9,9,720,2,0,0,-,0,8,103,929,4,20,4,0,0,103,18,4,0,0,0
275K. Flanagan(CBY),9,9,715,1,1,7,87,0,18,53,305,1,7,6,37,988,196,14,5,3,1,0
275C. Harawira-Naera(CBR),9,6,502,0,1,2,100,0,4,55,465,0,7,13,1,0,213,18,1,3,0,0
275F. Kaufusi(DOL),9,9,641,0,0,0,-,0,0,90,684,0,6,0,0,0,194,14,6,7,2,0
275M. Lodge(SYD),9,4,297,0,0,0,-,0,0,91,724,0,26,13,0,0,148,9,9,1,0,0
275H. Luki(NQL),9,7,464,2,2,0,-,0,8,78,637,2,18,9,0,0,197,19,3,2,0,0
275S. Russell(PAR),9,9,720,5,0,0,-,0,20,119,978,7,24,0,2,38,87,22,6,1,0,0
275J. Schuster(MAN),9,9,718,1,10,0,-,0,4,31,174,0,8,7,39,870,135,20,8,1,0,0
275T. Sims(MEL),9,3,272,1,0,0,-,0,4,65,535,1,6,1,0,0,122,5,3,1,0,0
275J. Taumalolo(NQL),9,7,463,0,0,0,-,0,0,116,"1,269",1,16,1,0,0,180,17,2,0,0,0
275C. Tuipulotu(MAN),9,9,718,2,0,0,-,0,8,135,"1,080",5,16,2,0,0,30,15,8,0,0,0
275K. Weekes(MAN),9,4,406,1,2,0,-,0,4,45,426,1,7,1,2,22,91,13,3,2,1,0
275T. Wishart(MEL),9,1,226,1,0,0,-,0,4,37,312,0,5,2,1,14,61,18,2,1,0,0
292J. Arrow(SOU),8,4,406,0,0,0,-,0,0,92,793,0,16,5,1,0,213,13,6,2,0,0
292A. Davey(PAR),8,6,410,2,0,0,-,0,8,67,546,1,10,3,0,0,170,8,3,3,0,0
292T. Eisenhuth(MEL),8,1,298,0,0,0,-,0,0,59,503,1,10,8,1,3,176,2,3,5,0,0
292A. Elliott(NEW),8,5,408,0,0,0,-,0,0,84,562,0,10,7,0,0,224,30,2,3,0,0
292I. Fa'asuamaleaui(GLD),8,1,242,1,0,0,-,0,4,53,402,1,3,1,0,0,134,10,0,3,0,0
292C. Johns(MAN),8,7,564,0,0,0,-,0,0,14,82,0,2,2,19,297,122,20,4,3,0,0
292A. MacDonald(MEL),8,0,265,0,0,0,-,0,0,58,481,0,2,0,0,0,175,11,2,1,0,0
292A. Mariota(CBR),8,2,246,1,0,0,-,0,4,51,463,1,7,2,0,0,112,6,3,2,0,0
292L. Martin(PEN),8,5,439,1,2,0,-,0,4,82,718,3,25,10,0,0,182,23,10,0,0,0
292T. May(SYD),8,0,235,0,0,0,-,0,0,65,557,0,3,3,0,0,138,1,2,0,0,0
292T. Milne(SOU),8,9,719,2,1,0,-,0,8,139,"1,186",7,20,7,0,0,40,12,6,1,0,0
292K. Morrin(CBY),8,2,295,1,0,0,-,0,4,54,436,1,9,1,0,0,169,25,5,0,0,0
292B. Naden(WST),8,8,608,2,1,0,-,0,8,84,764,3,10,7,0,0,84,24,11,3,1,0
292T. Peachey(PEN),8,6,518,6,1,0,-,0,24,108,847,4,29,9,6,87,83,19,4,6,0,0
292T. Sipley(MAN),8,5,306,0,0,0,-,0,0,95,819,1,16,8,1,29,156,3,0,6,1,0
292B. Trbojevic(MAN),8,1,159,2,1,0,-,0,8,41,315,3,9,2,0,0,40,6,2,0,0,0
292S. Tupouniua(SYD),8,4,359,1,1,0,-,0,4,56,477,1,8,0,0,0,188,13,5,4,0,0
292J. Vuna(GLD),8,0,169,1,0,0,-,0,4,32,277,0,2,0,0,0,82,7,1,1,0,0
310F. Baker(SYD),7,2,196,0,0,0,-,0,0,43,361,0,5,2,0,0,110,10,1,2,0,0
310N. Cotric(CBR),7,4,372,1,0,0,-,0,4,55,369,2,13,1,2,17,13,4,2,1,1,0
310K. Donoghoe(DOL),7,1,175,0,0,0,-,0,0,17,174,0,2,0,0,0,68,9,2,1,0,0
310M. Dunn(NQL),7,2,153,0,0,0,-,0,0,25,214,0,2,0,0,0,94,6,2,2,0,0
310H. Edwards(CBY),7,4,405,1,0,0,-,0,4,51,366,1,3,3,0,0,231,20,0,1,0,0
310M. Eisenhuth(PEN),7,6,237,0,0,0,-,0,0,50,377,0,1,4,0,0,141,10,0,0,0,0
310K. Finefeuiaki(NQL),7,0,161,2,0,0,-,0,8,31,300,2,9,0,0,0,68,3,0,0,0,0
310J. Gosiewski(NQL),7,6,486,2,0,0,-,0,8,65,467,1,5,0,1,11,190,21,4,3,0,0
310J. Hunt(STI),7,2,170,1,0,0,-,0,4,26,195,0,6,1,0,0,103,11,0,0,0,0
310B. Jones(NEW),7,1,225,0,0,0,-,0,0,32,248,0,4,0,0,0,129,5,3,0,0,0
310C. Oates(BRI),7,7,524,0,2,0,-,0,0,114,"1,236",7,29,1,4,66,17,11,6,1,0,0
310K. Oloapu(CBY),7,4,440,0,1,0,-,0,0,27,176,1,13,3,21,638,147,19,2,2,0,0
310A. Pene(MEL),7,0,191,0,0,0,-,0,0,58,501,0,3,1,0,0,111,9,1,1,1,0
310J. Reynolds(CBY),7,3,243,0,1,0,-,0,0,9,71,0,2,4,9,249,89,17,2,10,0,0
310A. Seyfarth(WST),7,0,158,0,1,0,-,0,0,33,262,0,2,3,0,0,127,4,0,0,0,0
310C. Staines(WST),7,7,560,2,1,0,-,0,8,109,932,1,8,9,1,5,14,7,3,0,0,0
310M. Teague(DOL),7,1,205,0,0,0,-,0,0,35,278,0,1,1,0,0,135,7,4,0,0,0
310N. Whyte(SYD),7,2,259,0,0,0,-,0,0,62,593,0,11,3,0,0,132,6,1,1,0,0
310A. Woods(MAN),7,1,251,0,0,0,-,0,0,65,458,0,1,4,0,0,149,4,3,1,0,0
329M. Barnett(WAR),6,4,348,0,0,0,-,0,0,78,645,2,5,1,0,0,172,13,5,4,1,0
329N. Brown(SYD),6,1,241,0,0,0,-,0,0,44,369,0,3,7,0,0,116,10,2,1,0,0
329T. Chester(NQL),6,3,296,3,0,0,-,0,12,62,496,2,12,4,1,5,31,7,1,1,0,0
329A. Doueihi(WST),6,6,472,1,1,12,75,0,28,63,626,2,20,6,51,"1,420",65,14,9,3,0,0
329K. Haas(GLD),6,2,278,2,0,0,-,0,8,20,171,1,5,3,0,0,101,11,0,2,0,0
329M. Harper(MAN),6,6,490,0,1,0,-,0,0,80,601,3,14,10,2,12,109,17,4,1,0,0
329S. Lane(PAR),6,6,419,0,0,0,-,0,0,81,630,0,6,12,0,0,124,8,6,0,0,0
329K. Leeming(GLD),6,0,142,1,0,0,-,0,4,10,127,1,5,1,0,0,65,9,1,0,0,0
329L. Leilua(NQL),6,5,400,2,0,0,-,0,8,65,602,0,7,5,0,0,119,7,4,0,0,0
329F. Lussick(WAR),6,6,327,0,0,0,-,0,0,19,158,0,3,2,4,50,188,15,4,2,0,0
329A. Milford(DOL),6,4,318,1,3,0,-,0,4,23,189,1,10,4,59,"1,726",55,12,6,1,1,0
329S. Mitchell(SOU),6,0,228,0,0,0,-,0,0,67,605,0,5,1,0,0,135,9,1,1,0,0
329Z. Musgrove(STI),6,2,175,1,0,0,-,0,4,54,445,1,4,3,0,0,79,8,2,0,0,0
329O. Ogden(PAR),6,2,198,1,0,0,-,0,4,72,710,1,7,2,0,0,86,6,2,1,1,0
329S. O'Sullivan(DOL),6,6,455,0,5,0,-,0,0,25,159,0,2,3,63,"1,795",140,10,7,4,1,0
329F. Pele(CBY),6,0,110,0,0,0,-,0,0,38,363,0,11,0,0,0,38,3,2,0,0,0
329J. Pezet(MEL),6,6,480,2,6,2,66,0,12,13,128,1,4,3,40,963,99,20,9,2,0,0
329T. Rudolf(CRO),6,6,316,0,0,0,-,0,0,75,639,0,10,4,0,0,147,9,2,0,0,0
329B. Smith(SYD),6,6,480,0,1,0,-,0,0,77,617,2,20,8,0,0,111,14,8,7,0,0
329H. Smith-Shields(CBR),6,6,475,0,0,0,-,0,0,67,560,1,6,1,2,11,59,14,8,3,0,0
329B. Taaffe(SOU),6,5,414,1,2,18,66,0,40,58,481,1,9,2,1,9,25,6,4,0,0,0
329V. Te Whare(DOL),6,4,377,4,1,0,-,0,16,55,507,4,19,0,0,0,60,10,3,0,0,0
329J. Tevaga(WAR),6,4,310,1,0,0,-,0,4,76,603,1,8,4,0,0,186,11,2,3,0,0
329I. Tu'itupou Thompson(SOU),6,6,465,1,1,0,-,0,4,80,775,3,23,2,0,0,24,5,14,0,0,0
329S. Verrills(GLD),6,5,402,1,3,0,-,0,4,15,146,1,2,0,2,22,203,17,2,2,0,0
329S. Walker(SYD),6,6,480,1,2,17,73,0,38,32,275,3,10,1,67,"2,136",121,9,10,7,0,0
355R. Berry(WAR),5,5,334,1,0,0,-,0,4,32,274,0,5,1,0,0,74,4,2,2,0,0
355W. Blake(PAR),5,5,407,0,0,0,-,0,0,56,402,0,7,2,0,0,44,15,5,1,0,0
355J. Brailey(NEW),5,5,326,0,0,0,-,0,0,17,157,0,0,1,2,43,181,3,3,1,0,0
355J. Cogger(PEN),5,4,392,0,5,5,55,1,11,23,179,0,5,5,77,"2,271",98,8,3,4,0,0
355H. Dunster(PAR),5,5,400,0,0,0,-,0,0,53,418,1,2,1,0,0,20,9,5,0,0,0
355S. Fainu(MAN),5,1,267,0,1,0,-,0,0,43,311,0,4,2,0,0,90,10,1,2,0,0
355L. Garner(PEN),5,3,200,0,0,0,-,0,0,33,267,0,11,1,0,0,104,4,1,1,0,0
355J. Johns(NEW),5,3,209,1,0,0,-,0,4,27,204,1,6,2,1,10,122,6,2,1,0,0
355T. Martin(WAR),5,5,362,0,2,0,-,0,0,19,180,1,2,3,7,147,88,8,3,1,0,0
355L. Metcalf(WAR),5,5,400,2,1,0,-,0,8,39,433,3,11,1,11,180,96,9,3,1,0,0
355J. Murchie(PAR),5,0,138,0,0,0,-,0,0,37,292,0,1,0,0,0,75,2,2,2,0,0
355J. Pauga(SYD),5,5,400,2,0,0,-,0,8,81,691,1,29,1,1,23,21,2,6,1,0,0
355B. Piakura(BRI),5,2,291,1,0,0,-,0,4,33,292,2,12,0,0,0,92,18,2,2,0,0
355S. Smith(SYD),5,3,282,0,3,6,75,0,12,13,83,1,3,2,33,934,87,13,4,2,0,0
355B. Trindall(CRO),5,3,256,1,4,10,90,0,24,6,22,0,1,1,38,"1,249",48,10,3,1,0,0
355V. Vailea(WAR),5,5,400,1,1,0,-,0,4,74,556,1,10,2,0,0,47,14,3,0,0,0
371F. Brown(CBY),4,1,138,0,0,0,-,0,0,30,220,0,2,1,0,0,64,5,0,0,0,0
371B. Condon(MAN),4,0,81,1,0,0,-,0,4,23,163,1,3,1,0,0,39,9,0,1,0,0
371P. Faamausili(DOL),4,3,117,0,0,0,-,0,0,18,156,0,2,1,0,0,69,5,2,0,0,0
371M. Frawley(CBR),4,3,245,1,2,0,-,1,6,9,78,1,5,3,25,548,43,12,3,0,0,0
371S. Hughes(CBY),4,1,56,0,0,0,-,0,0,14,140,0,2,0,0,0,37,1,0,2,0,0
371H. Hunt(NEW),4,4,320,1,0,0,-,0,4,58,420,1,5,2,0,0,11,3,5,0,0,0
371J. Jolliffe(GLD),4,2,138,0,0,0,-,0,0,46,439,0,4,0,0,0,69,9,1,1,0,0
371V. Kikau(CBY),4,4,309,0,1,0,-,0,0,32,258,0,4,6,1,0,101,12,3,3,1,0
371L. Knight(SOU),4,1,104,0,0,0,-,0,0,30,243,0,2,2,1,8,57,2,0,1,0,0
371D. Laurie(WST),4,3,248,1,0,0,-,0,4,49,428,1,12,2,4,64,30,2,7,0,0,0
371D. Levi(CBR),4,4,125,0,1,0,-,0,0,8,76,0,2,2,1,2,71,6,1,2,0,0
371D. Lucas(NEW),4,3,260,0,0,0,-,0,0,23,169,0,2,1,0,0,138,9,1,2,0,0
371K. Rajab(CBY),4,1,146,0,0,0,-,0,0,11,98,1,4,2,4,126,40,6,1,2,0,0
371S. Valemei(NQL),4,4,329,5,1,0,-,0,20,69,605,5,16,2,0,0,16,7,1,1,0,0
385G. Anderson(MEL),3,1,123,0,0,0,-,0,0,18,147,0,0,0,0,0,16,8,1,0,0,0
385J. Arthur(MAN),3,2,186,0,0,0,-,0,0,9,64,0,1,0,20,661,46,4,3,1,0,0
385D. Asi(PAR),3,3,240,0,4,0,-,0,0,16,150,2,4,2,25,585,55,6,4,0,0,0
385B. Burns(STI),3,3,221,0,0,0,-,0,0,33,298,1,8,1,0,0,86,11,4,2,0,0
385B. Burns(CBY),3,3,240,1,2,0,-,0,4,56,421,1,14,13,1,9,9,6,3,2,0,0
385D. Casey(CBY),3,3,240,1,0,0,-,0,4,22,163,2,2,0,0,0,18,5,7,1,0,0
385T. Da Silva(WST),3,0,65,0,0,0,-,0,0,5,60,0,1,0,0,0,58,10,0,0,0,0
385Max Feagai(STI),3,3,240,1,0,0,-,0,4,38,292,1,9,0,0,0,30,5,3,1,0,0
385R. Jennings(DOL),3,3,244,2,0,0,-,0,8,49,380,1,2,0,1,13,7,3,6,0,0,0
385R. Kennar(SOU),3,4,320,2,1,0,-,0,8,56,485,4,8,2,0,0,13,6,5,4,0,0
385S. McIntyre(NQL),3,0,88,1,0,0,-,0,4,15,121,0,1,0,0,0,53,3,0,0,0,0
385T. Moga(STI),3,3,226,6,0,0,-,0,24,44,452,6,5,1,0,0,10,3,3,2,0,0
385J. Momoisea(PAR),3,0,64,0,1,0,-,0,0,10,67,0,3,1,0,0,25,0,0,3,0,0
385L. Moretti(PAR),3,0,50,0,0,0,-,0,0,19,175,0,4,1,0,0,26,0,1,1,0,0
385D. Sifakula(WAR),3,0,54,0,0,0,-,0,0,9,67,0,3,1,0,0,36,3,1,2,1,0
385T. Smoothy(BRI),3,0,78,0,0,0,-,0,0,3,25,0,0,0,1,0,57,1,3,1,0,0
385J. Topine(CBY),3,0,180,0,0,0,-,0,0,25,202,0,3,0,0,0,40,4,0,0,0,0
385E. Tuala(NEW),3,3,240,1,0,0,-,0,4,29,235,2,6,0,1,17,24,2,1,0,0,0
385B. Wilson(CBY),3,2,164,0,0,0,-,0,0,32,276,1,7,0,0,0,10,0,0,1,0,0
404K. Bradley(MEL),2,0,31,1,0,0,-,0,4,7,73,0,0,0,0,0,9,0,0,0,0,0
404B. Elliot(NQL),2,2,160,0,0,0,-,0,0,32,266,1,6,0,1,9,2,7,3,2,1,0
404J. Grant(MEL),2,0,46,0,0,0,-,0,0,6,38,0,0,0,0,0,35,1,0,0,0,0
404L. Henry(PEN),2,0,45,0,0,0,-,0,0,8,62,0,3,1,0,0,37,0,0,0,0,0
404T. Jenkins(PEN),2,2,169,1,0,0,-,0,4,24,200,1,4,1,0,0,10,1,2,0,0,0
404K. Kini(GLD),2,1,93,0,0,0,-,0,0,20,152,0,1,2,0,0,11,1,0,0,0,0
404Z. Laybutt(NQL),2,2,169,0,0,0,-,0,0,26,222,0,0,1,0,0,15,2,3,0,0,0
404J. Madden(BRI),2,2,160,0,0,0,-,0,0,9,66,0,0,0,15,513,56,5,1,0,0,0
404P. Momirovski(SYD),2,2,139,0,0,0,-,0,0,9,67,0,1,0,1,17,25,7,2,0,0,0
404T. Mooney(CBR),2,0,9,0,0,0,-,0,0,10,120,1,3,0,0,0,20,2,0,1,0,0
404C. Patolo(CBY),2,2,54,0,0,0,-,0,0,10,79,0,0,0,0,0,31,3,0,0,0,0
404R. Price(NQL),2,0,48,0,0,0,-,0,0,7,38,0,2,0,0,0,29,2,1,1,0,0
404T. Sailor(BRI),2,2,160,0,2,0,-,0,0,23,181,0,4,0,6,94,12,2,1,0,0,0
404J. Schiller(CBR),2,2,160,0,0,0,-,0,0,18,143,1,3,0,1,14,10,5,1,0,0,0
404M. Seve(MEL),2,2,141,0,0,0,-,0,0,27,249,0,4,4,0,0,28,1,0,0,0,0
404G. Shibasaki(NQL),2,2,149,0,0,0,-,0,0,33,273,0,5,1,0,0,15,3,3,3,0,0
404J. Tamou(NQL),2,0,35,1,0,0,-,0,4,12,113,1,2,0,0,0,26,2,0,1,0,0
404J. Tanner(CBY),2,0,24,0,0,0,-,0,0,6,49,0,0,0,0,0,22,1,0,0,0,0
404Y. Tonumaipea(MEL),2,2,142,1,0,0,-,0,4,20,192,2,6,1,0,0,10,4,0,1,1,0
404C. Tracey(CRO),2,2,160,1,0,0,-,0,4,30,301,1,8,1,0,0,27,3,5,1,0,0
404R. Tuaimalo Vaega(MAN),2,2,150,0,0,0,-,0,0,22,187,0,7,0,0,0,18,4,1,2,1,0
404T. Tuaupiki(WAR),2,1,97,0,0,0,-,0,0,19,140,0,7,0,0,0,7,3,0,0,0,0
404R. Volkman(WAR),2,2,131,1,1,0,-,0,4,9,47,0,2,3,7,123,25,6,1,0,0,0
404B. Wiliame(WAR),2,2,160,0,1,0,-,0,0,26,184,1,3,0,0,0,18,4,4,1,0,0
404X. Willison(BRI),2,0,34,0,0,0,-,0,0,9,68,0,2,1,0,0,19,1,0,3,0,0
429J. Bostock(DOL),1,1,80,0,0,0,-,0,0,16,102,0,1,0,0,0,7,3,3,0,0,0
429T. Cant(NEW),1,0,34,0,0,0,-,0,0,5,34,0,1,0,0,0,29,2,0,0,0,0
429J. Collins(DOL),1,0,17,0,0,0,-,0,0,1,11,0,0,0,0,0,15,3,0,0,0,0
429J. Colquhoun(CRO),1,0,0,0,0,0,-,0,0,4,50,0,0,0,0,0,9,0,0,0,0,0
429R. Derby(NQL),1,1,80,0,0,0,-,0,0,25,199,0,3,0,0,0,1,4,0,0,0,0
429T. Duncan(SOU),1,0,18,0,0,0,-,0,0,4,38,0,2,0,0,0,9,1,0,0,0,0
429H. Graham(DOL),1,0,45,0,0,0,-,0,0,0,0,0,0,0,0,0,29,3,1,0,0,0
429B. Hampton(NQL),1,1,80,0,0,0,-,0,0,3,27,0,0,0,0,0,14,2,0,0,0,0
429S. Havili(SOU),1,1,57,0,0,0,-,0,0,10,78,0,2,3,0,0,36,1,1,2,0,0
429D. Hawkins(SOU),1,1,80,0,1,0,-,0,0,2,7,0,0,0,6,172,21,2,1,0,0,0
429P. Hola(CBR),1,0,0,0,0,0,-,0,0,1,8,0,0,0,0,0,9,0,0,0,0,0
429A. James(WST),1,0,0,0,0,0,-,0,0,7,55,0,0,0,0,0,12,1,0,0,0,0
429G. Jennings(MEL),1,1,80,0,0,0,-,0,0,19,192,0,4,1,0,0,3,0,1,0,0,0
429E. Lee(DOL),1,1,80,0,0,0,-,0,0,11,72,0,0,1,0,0,2,3,0,0,0,0
429A. Leiataua(WAR),1,1,69,0,0,0,-,0,0,9,69,1,2,0,0,0,17,0,0,0,0,0
429B. Lovett(SOU),1,0,19,0,0,0,-,0,0,3,18,0,0,0,0,0,15,1,0,0,0,0
429I. Lumelume(PAR),1,1,72,0,0,0,-,0,0,9,61,0,3,0,0,0,7,2,2,0,0,0
429P. Mamouzelos(SOU),1,0,26,0,0,0,-,0,0,2,13,0,0,1,0,0,18,1,0,0,0,0
429D. Mariner(BRI),1,1,80,2,0,0,-,0,8,10,154,0,5,0,1,21,1,1,1,0,0,0
429J. Matamua(WST),1,0,30,0,0,0,-,0,0,4,43,0,1,0,0,0,9,2,0,0,0,0
429B. McGrady(DOL),1,1,80,1,0,0,-,0,4,12,100,1,4,0,0,0,3,4,1,0,0,0
429T. Mikaele(GLD),1,0,11,0,0,0,-,0,0,5,41,0,1,2,0,0,5,0,0,0,0,0
429M. Plath(DOL),1,0,46,0,0,0,-,0,0,2,10,0,0,0,0,0,32,2,1,0,0,0
429R. Rivett(NEW),1,0,18,0,0,0,-,0,0,1,6,0,0,0,1,38,6,0,1,0,0,0
429D. Russell(STI),1,0,0,0,0,0,-,0,0,9,59,0,0,0,0,0,18,1,0,1,0,0
429X. Savage(CBR),1,1,80,1,0,0,-,0,4,8,87,1,1,0,1,6,5,1,2,0,0,0
429B. Schneider(CBR),1,1,80,0,0,0,-,0,0,5,56,0,1,0,4,101,22,1,2,0,0,0
429T. Sexton(CBY),1,1,80,1,1,0,-,0,4,6,44,1,2,2,10,423,22,3,0,0,0,0
429W. Smith(WST),1,1,80,0,1,0,-,0,0,3,18,0,0,0,4,156,11,4,1,0,0,0
429B. Thomas(SYD),1,0,27,0,0,0,-,0,0,9,74,0,0,0,0,0,18,1,1,0,0,0
429B. Tumeth(WST),1,0,34,0,0,0,-,0,0,3,14,0,0,0,0,0,14,0,1,0,0,0
429P. Turner(STI),1,1,80,0,0,0,-,0,0,5,51,0,2,0,0,0,1,2,2,0,0,0
429S. Wong(SYD),1,0,26,0,0,0,-,0,0,5,52,0,0,0,0,0,16,2,0,0,0,0
462D. Atkinson(CRO),0,0,2,0,0,0,-,0,0,0,0,0,0,0,0,0,1,0,0,0,0,0
462T. Munro(SOU),0,1,80,1,1,0,-,0,4,13,97,2,2,0,2,39,1,1,2,0,0,0
